site,fire,retention,transect,type,plot,micro_hab,VM_cover,VV_cover,total_cover,VM_fruit,VV_fruit,id
3,yes,no,1,open,1,N,0,46,100,0,35,1
3,yes,no,1,open,1,S,0,29,100,0,25,2
3,yes,no,1,open,1,P,0,63,100,0,44,3
3,yes,no,1,open,2,N,0,36,100,0,22,4
3,yes,no,1,open,2,S,2,29,100,0,68,5
3,yes,no,1,open,2,P,0,41,100,0,0,6
3,yes,no,1,open,3,N,0,45,100,0,95,7
3,yes,no,1,open,3,S,0,19,100,0,32,8
3,yes,no,1,open,3,P,0,63,100,0,0,9
3,yes,no,1,open,4,N,0,79,100,0,146,10
3,yes,no,1,open,4,S,0,28,100,0,81,11
3,yes,no,1,open,4,P,0,57,100,0,0,12
3,yes,no,1,open,5,N,0,5,100,0,0,13
3,yes,no,1,open,5,S,0,12,100,0,15,14
3,yes,no,1,open,5,P,0,0,100,0,0,15
3,yes,no,1,open,6,N,4,10,100,0,0,16
3,yes,no,1,open,6,S,0,1,100,0,0,17
3,yes,no,1,open,6,P,0,2,100,0,0,18
3,yes,no,1,open,7,N,13,67,100,0,52,19
3,yes,no,1,open,7,S,0,73,100,0,101,20
3,yes,no,1,open,7,P,0,47,100,0,6,21
3,yes,no,1,open,8,N,0,25,100,0,3,22
3,yes,no,1,open,8,S,0,38,100,0,7,23
3,yes,no,1,open,8,P,1,33,100,0,8,24
3,yes,no,1,open,9,N,0,47,100,0,51,25
3,yes,no,1,open,9,S,0,27,100,0,8,26
3,yes,no,1,open,9,P,2,30,100,0,3,27
3,yes,no,2,open,10,N,0,40,100,0,50,28
3,yes,no,2,open,10,S,12,22,100,0,0,29
3,yes,no,2,open,10,P,0,52,100,0,23,30
3,yes,no,2,open,11,N,4,29,100,0,38,31
3,yes,no,2,open,11,S,0,30,100,0,25,32
3,yes,no,2,open,11,P,3,32,100,0,2,33
3,yes,no,2,open,12,N,0,12,100,0,0,34
3,yes,no,2,open,12,S,0,47,100,0,70,35
3,yes,no,2,open,12,P,0,21,100,0,6,36
3,yes,no,2,open,13,N,0,50,100,0,136,37
3,yes,no,2,open,13,S,9,14,100,0,95,38
3,yes,no,2,open,13,P,0,24,100,0,2,39
3,yes,no,2,open,14,N,2,3,100,0,13,40
3,yes,no,2,open,14,S,3,35,100,0,15,41
3,yes,no,2,open,14,P,0,28,100,0,5,42
3,yes,no,2,open,15,N,10,26,100,0,29,43
3,yes,no,2,open,15,S,0,0,100,0,0,44
3,yes,no,2,open,15,P,0,26,100,0,0,45
3,yes,no,2,open,16,N,0,67,100,0,72,46
3,yes,no,2,open,16,S,0,62,100,0,31,47
3,yes,no,2,open,16,P,0,46,100,0,8,48
3,yes,no,2,open,17,N,0,47,100,0,27,49
3,yes,no,2,open,17,S,0,27,100,0,12,50
3,yes,no,2,open,17,P,0,67,100,0,8,51
3,yes,no,2,open,18,N,3,34,100,0,25,52
3,yes,no,2,open,18,S,18,29,100,0,15,53
3,yes,no,2,open,18,P,0,38,100,0,0,54
3,yes,no,3,open,19,N,0,0,100,0,0,55
3,yes,no,3,open,19,S,0,0,100,0,0,56
3,yes,no,3,open,19,P,0,12,100,0,33,57
3,yes,no,3,open,20,N,0,0,100,0,0,58
3,yes,no,3,open,20,S,0,0,100,0,0,59
3,yes,no,3,open,20,P,0,28,100,0,15,60
3,yes,no,3,open,21,N,0,0,100,0,0,61
3,yes,no,3,open,21,S,0,0,100,0,0,62
3,yes,no,3,open,21,P,4,0,100,0,0,63
3,yes,no,3,open,22,N,0,17,100,0,91,64
3,yes,no,3,open,22,S,0,28,100,0,63,65
3,yes,no,3,open,22,P,5,30,100,0,39,66
3,yes,no,3,open,23,N,2,2,100,0,4,67
3,yes,no,3,open,23,S,0,9,100,0,34,68
3,yes,no,3,open,23,P,2,31,100,0,8,69
3,yes,no,3,open,24,N,0,13,100,0,12,70
3,yes,no,3,open,24,S,1,6,100,0,2,71
3,yes,no,3,open,24,P,0,21,100,0,8,72
3,yes,no,3,open,25,N,1,16,100,0,7,73
3,yes,no,3,open,25,S,0,0,100,0,0,74
3,yes,no,3,open,25,P,11,0,100,0,0,75
3,yes,no,3,open,26,N,0,0,100,0,0,76
3,yes,no,3,open,26,S,0,20,100,0,0,77
3,yes,no,3,open,26,P,5,0,100,0,0,78
3,yes,no,3,open,27,N,0,58,100,0,134,79
3,yes,no,3,open,27,S,0,47,100,0,78,80
3,yes,no,3,open,27,P,0,41,100,0,13,81
3,yes,no,4,open,28,N,0,0,100,0,0,82
3,yes,no,4,open,28,S,0,0,100,0,0,83
3,yes,no,4,open,28,P,0,37,100,0,97,84
3,yes,no,4,open,29,N,11,10,100,0,13,85
3,yes,no,4,open,29,S,18,0,100,1,0,86
3,yes,no,4,open,29,P,0,12,100,0,4,87
3,yes,no,4,open,30,N,0,0,100,0,0,88
3,yes,no,4,open,30,S,1,10,100,0,0,89
3,yes,no,4,open,30,P,1,0,100,0,0,90
3,yes,no,4,open,31,N,1,1,100,0,0,91
3,yes,no,4,open,31,S,0,0,100,0,0,92
3,yes,no,4,open,31,P,0,0,100,0,0,93
3,yes,no,4,open,32,N,0,0,100,0,0,94
3,yes,no,4,open,32,S,0,1,100,0,0,95
3,yes,no,4,open,32,P,6,0,100,0,0,96
3,yes,no,4,open,33,N,0,3,100,0,0,97
3,yes,no,4,open,33,S,0,14,100,0,10,98
3,yes,no,4,open,33,P,0,23,100,0,51,99
3,yes,no,4,open,34,N,0,34,100,0,6,100
3,yes,no,4,open,34,S,0,1,100,0,7,101
3,yes,no,4,open,34,P,0,52,100,0,33,102
3,yes,no,4,open,35,N,0,12,100,0,23,103
3,yes,no,4,open,35,S,0,5,100,0,0,104
3,yes,no,4,open,35,P,6,22,100,0,0,105
3,yes,no,4,open,36,N,0,0,100,0,0,106
3,yes,no,4,open,36,S,0,57,100,0,70,107
3,yes,no,4,open,36,P,0,47,100,0,18,108
7,no,no,1,open,1,N,2,80,100,0,45,109
7,no,no,1,open,1,S,10,35,100,0,7,110
7,no,no,1,open,1,P,0,37,100,0,0,111
7,no,no,1,open,2,N,3,58,100,0,135,112
7,no,no,1,open,2,S,5,61,100,0,76,113
7,no,no,1,open,2,P,0,68,100,0,8,114
7,no,no,1,open,3,N,0,46,100,0,40,115
7,no,no,1,open,3,S,1,52,100,0,92,116
7,no,no,1,open,3,P,0,39,100,0,0,117
7,no,no,1,open,4,N,3,45,100,0,52,118
7,no,no,1,open,4,S,19,43,100,0,17,119
7,no,no,1,open,4,P,0,22,100,0,0,120
7,no,no,1,open,5,N,6,63,100,0,87,121
7,no,no,1,open,5,S,0,40,100,0,58,122
7,no,no,1,open,5,P,0,12,100,0,0,123
7,no,no,1,open,6,N,0,39,100,0,45,124
7,no,no,1,open,6,S,0,12,100,0,11,125
7,no,no,1,open,6,P,0,10,100,0,0,126
7,no,no,1,open,7,N,8,41,100,0,29,127
7,no,no,1,open,7,S,0,78,100,0,48,128
7,no,no,1,open,7,P,0,41,100,0,0,129
7,no,no,1,open,8,N,0,65,100,0,8,130
7,no,no,1,open,8,S,0,60,100,0,27,131
7,no,no,1,open,8,P,0,59,100,0,3,132
7,no,no,1,open,9,N,0,71,100,0,31,133
7,no,no,1,open,9,S,0,30,100,0,0,134
7,no,no,1,open,9,P,0,38,100,0,0,135
7,no,no,2,open,10,N,0,5,100,0,1,136
7,no,no,2,open,10,S,0,26,100,0,4,137
7,no,no,2,open,10,P,0,15,100,0,0,138
7,no,no,2,open,11,N,0,70,100,0,311,139
7,no,no,2,open,11,S,10,40,100,0,34,140
7,no,no,2,open,11,P,0,9,100,0,0,141
7,no,no,2,open,12,N,0,35,100,0,14,142
7,no,no,2,open,12,S,0,28,100,0,0,143
7,no,no,2,open,12,P,0,9,100,0,0,144
7,no,no,2,open,13,N,0,46,100,0,0,145
7,no,no,2,open,13,S,0,15,100,0,0,146
7,no,no,2,open,13,P,0,6,100,0,0,147
7,no,no,2,open,14,N,4,51,100,0,0,148
7,no,no,2,open,14,S,11,18,100,0,0,149
7,no,no,2,open,14,P,0,26,100,0,0,150
7,no,no,2,open,15,N,0,78,100,0,91,151
7,no,no,2,open,15,S,0,8,100,0,0,152
7,no,no,2,open,15,P,0,17,100,0,0,153
7,no,no,2,open,16,N,0,40,100,0,0,154
7,no,no,2,open,16,S,0,9,100,0,0,155
7,no,no,2,open,16,P,0,29,100,0,0,156
7,no,no,2,open,17,N,0,43,100,0,43,157
7,no,no,2,open,17,S,0,29,100,0,0,158
7,no,no,2,open,17,P,0,58,100,0,0,159
7,no,no,2,open,18,N,4,50,100,0,0,160
7,no,no,2,open,18,S,0,58,100,0,0,161
7,no,no,2,open,18,P,0,39,100,0,0,162
7,no,no,3,open,19,N,22,74,100,0,76,163
7,no,no,3,open,19,S,4,41,100,0,40,164
7,no,no,3,open,19,P,0,32,100,0,0,165
7,no,no,3,open,20,N,9,27,100,0,45,166
7,no,no,3,open,20,S,2,53,100,0,47,167
7,no,no,3,open,20,P,0,24,100,0,0,168
7,no,no,3,open,21,N,1,81,100,0,126,169
7,no,no,3,open,21,S,7,38,100,0,48,170
7,no,no,3,open,21,P,0,23,100,0,0,171
7,no,no,3,open,22,N,0,47,100,0,121,172
7,no,no,3,open,22,S,0,14,100,0,0,173
7,no,no,3,open,22,P,0,38,100,0,0,174
7,no,no,3,open,23,N,2,23,100,0,17,175
7,no,no,3,open,23,S,1,28,100,0,18,176
7,no,no,3,open,23,P,0,31,100,0,0,177
7,no,no,3,open,24,N,3,61,100,0,156,178
7,no,no,3,open,24,S,0,31,100,0,52,179
7,no,no,3,open,24,P,0,59,100,0,0,180
7,no,no,3,open,25,N,10,37,100,0,6,181
7,no,no,3,open,25,S,4,63,100,0,51,182
7,no,no,3,open,25,P,0,72,100,0,0,183
7,no,no,3,open,26,N,0,69,100,0,41,184
7,no,no,3,open,26,S,4,55,100,0,1,185
7,no,no,3,open,26,P,3,31,100,0,0,186
7,no,no,3,open,27,N,0,56,100,0,52,187
7,no,no,3,open,27,S,0,89,100,0,142,188
7,no,no,3,open,27,P,0,71,100,0,0,189
7,no,no,4,open,28,N,9,70,100,0,32,190
7,no,no,4,open,28,S,2,71,100,0,13,191
7,no,no,4,open,28,P,0,26,100,0,0,192
7,no,no,4,open,29,N,26,65,100,0,143,193
7,no,no,4,open,29,S,7,49,100,0,324,194
7,no,no,4,open,29,P,0,79,100,0,0,195
7,no,no,4,open,30,N,6,73,100,0,45,196
7,no,no,4,open,30,S,0,51,100,0,54,197
7,no,no,4,open,30,P,0,23,100,0,0,198
7,no,no,4,open,31,N,0,87,100,0,292,199
7,no,no,4,open,31,S,2,86,100,0,319,200
7,no,no,4,open,31,P,0,6,100,0,0,201
7,no,no,4,open,32,N,0,13,100,0,16,202
7,no,no,4,open,32,S,0,9,100,0,24,203
7,no,no,4,open,32,P,0,69,100,0,0,204
7,no,no,4,open,33,N,1,78,100,0,105,205
7,no,no,4,open,33,S,8,68,100,0,15,206
7,no,no,4,open,33,P,0,55,100,0,8,207
7,no,no,4,open,34,N,9,44,100,0,0,208
7,no,no,4,open,34,S,0,28,100,0,0,209
7,no,no,4,open,34,P,0,30,100,0,0,210
7,no,no,4,open,35,N,0,49,100,0,54,211
7,no,no,4,open,35,S,0,16,100,0,0,212
7,no,no,4,open,35,P,0,27,100,0,0,213
7,no,no,4,open,36,N,7,58,100,0,51,214
7,no,no,4,open,36,S,35,62,100,0,66,215
7,no,no,4,open,36,P,0,39,100,0,0,216
10,no,no,1,open,1,N,8,61,100,0,35,217
10,no,no,1,open,1,S,65,27,100,0,41,218
10,no,no,1,open,1,P,2,49,100,0,0,219
10,no,no,1,open,2,N,7,84,100,0,174,220
10,no,no,1,open,2,S,0,50,100,0,85,221
10,no,no,1,open,2,P,4,48,100,0,14,222
10,no,no,1,open,3,N,12,74,100,0,73,223
10,no,no,1,open,3,S,2,8,100,0,44,224
10,no,no,1,open,3,P,5,57,100,0,0,225
10,no,no,1,open,4,N,2,66,100,0,15,226
10,no,no,1,open,4,S,6,43,100,0,31,227
10,no,no,1,open,4,P,7,27,100,0,0,228
10,no,no,1,open,5,N,1,0,100,0,0,229
10,no,no,1,open,5,S,6,0,100,1,0,230
10,no,no,1,open,5,P,1,0,100,0,0,231
10,no,no,1,open,6,N,2,0,100,0,0,232
10,no,no,1,open,6,S,6,0,100,0,0,233
10,no,no,1,open,6,P,0,0,100,0,0,234
10,no,no,1,open,7,N,0,38,100,0,26,235
10,no,no,1,open,7,S,0,36,100,0,18,236
10,no,no,1,open,7,P,0,3,100,0,0,237
10,no,no,1,open,8,N,0,62,100,0,78,238
10,no,no,1,open,8,S,0,58,100,0,201,239
10,no,no,1,open,8,P,0,0,100,0,0,240
10,no,no,1,open,9,N,0,58,100,0,34,241
10,no,no,1,open,9,S,0,57,100,0,73,242
10,no,no,1,open,9,P,0,25,100,0,5,243
10,no,no,2,open,10,N,17,34,100,0,59,244
10,no,no,2,open,10,S,11,39,100,0,37,245
10,no,no,2,open,10,P,0,36,100,0,0,246
10,no,no,2,open,11,N,28,72,100,1,356,247
10,no,no,2,open,11,S,3,33,100,0,73,248
10,no,no,2,open,11,P,0,0,100,0,0,249
10,no,no,2,open,12,N,7,41,100,0,36,250
10,no,no,2,open,12,S,0,67,100,0,90,251
10,no,no,2,open,12,P,0,6,100,0,8,252
10,no,no,2,open,13,N,0,28,100,0,44,253
10,no,no,2,open,13,S,0,2,100,0,0,254
10,no,no,2,open,13,P,0,64,100,0,27,255
10,no,no,2,open,14,N,0,6,100,0,49,256
10,no,no,2,open,14,S,0,0,100,0,0,257
10,no,no,2,open,14,P,0,9,100,0,0,258
10,no,no,2,open,15,N,5,86,100,0,208,259
10,no,no,2,open,15,S,0,29,100,0,105,260
10,no,no,2,open,15,P,0,58,100,0,70,261
10,no,no,2,open,16,N,0,35,100,0,47,262
10,no,no,2,open,16,S,0,63,100,0,27,263
10,no,no,2,open,16,P,0,0,100,0,0,264
10,no,no,2,open,17,N,0,74,100,0,201,265
10,no,no,2,open,17,S,0,85,100,0,167,266
10,no,no,2,open,17,P,0,48,100,0,8,267
10,no,no,2,open,18,N,7,32,100,1,42,268
10,no,no,2,open,18,S,0,57,100,0,100,269
10,no,no,2,open,18,P,0,4,100,0,0,270
10,no,no,3,open,19,N,0,58,100,0,8,271
10,no,no,3,open,19,S,0,19,100,0,27,272
10,no,no,3,open,19,P,0,46,100,0,3,273
10,no,no,3,open,20,N,1,27,100,0,0,274
10,no,no,3,open,20,S,0,21,100,0,0,275
10,no,no,3,open,20,P,0,20,100,0,0,276
10,no,no,3,open,21,N,18,39,100,0,105,277
10,no,no,3,open,21,S,21,47,100,0,38,278
10,no,no,3,open,21,P,0,18,100,0,0,279
10,no,no,3,open,22,N,0,35,100,0,64,280
10,no,no,3,open,22,S,5,58,100,0,16,281
10,no,no,3,open,22,P,1,37,100,0,4,282
10,no,no,3,open,23,N,0,0,100,0,0,283
10,no,no,3,open,23,S,0,0,100,0,0,284
10,no,no,3,open,23,P,0,0,100,0,0,285
10,no,no,3,open,24,N,0,0,100,0,0,286
10,no,no,3,open,24,S,0,8,100,0,79,287
10,no,no,3,open,24,P,0,5,100,0,0,288
10,no,no,3,open,25,N,1,78,100,0,21,289
10,no,no,3,open,25,S,7,81,100,0,122,290
10,no,no,3,open,25,P,0,21,100,0,4,291
10,no,no,3,open,26,N,0,25,100,0,42,292
10,no,no,3,open,26,S,0,44,100,0,76,293
10,no,no,3,open,26,P,2,41,100,0,5,294
10,no,no,3,open,27,N,0,38,100,0,43,295
10,no,no,3,open,27,S,4,55,100,0,204,296
10,no,no,3,open,27,P,0,2,100,0,0,297
10,no,no,4,open,28,N,12,58,100,0,55,298
10,no,no,4,open,28,S,10,28,100,0,44,299
10,no,no,4,open,28,P,0,31,100,0,21,300
10,no,no,4,open,29,N,40,18,100,0,37,301
10,no,no,4,open,29,S,9,44,100,0,64,302
10,no,no,4,open,29,P,2,64,100,3,0,303
10,no,no,4,open,30,N,0,7,100,0,2,304
10,no,no,4,open,30,S,0,34,100,0,46,305
10,no,no,4,open,30,P,0,2,100,0,0,306
10,no,no,4,open,31,N,0,34,100,0,36,307
10,no,no,4,open,31,S,11,38,100,0,84,308
10,no,no,4,open,31,P,0,23,100,0,3,309
10,no,no,4,open,32,N,0,70,100,0,54,310
10,no,no,4,open,32,S,5,57,100,0,93,311
10,no,no,4,open,32,P,0,1,100,0,1,312
10,no,no,4,open,33,N,0,41,100,0,107,313
10,no,no,4,open,33,S,0,85,100,0,88,314
10,no,no,4,open,33,P,0,46,100,0,0,315
10,no,no,4,open,34,N,18,64,100,2,201,316
10,no,no,4,open,34,S,2,78,100,0,321,317
10,no,no,4,open,34,P,0,0,100,0,0,318
10,no,no,4,open,35,N,0,31,100,0,24,319
10,no,no,4,open,35,S,4,52,100,0,55,320
10,no,no,4,open,35,P,0,38,100,0,2,321
10,no,no,4,open,36,N,5,72,100,0,71,322
10,no,no,4,open,36,S,0,58,100,0,48,323
10,no,no,4,open,36,P,0,3,100,0,0,324
17,yes,no,1,open,1,N,0,49,100,0,127,325
17,yes,no,1,open,1,S,0,13,100,0,2,326
17,yes,no,1,open,1,P,0,31,100,0,33,327
17,yes,no,1,open,2,N,0,40,100,0,7,328
17,yes,no,1,open,2,S,0,54,100,0,22,329
17,yes,no,1,open,2,P,9,5,100,0,2,330
17,yes,no,1,open,3,N,0,47,100,0,69,331
17,yes,no,1,open,3,S,0,71,100,0,23,332
17,yes,no,1,open,3,P,0,36,100,0,0,333
17,yes,no,1,open,4,N,0,7,100,0,0,334
17,yes,no,1,open,4,S,0,39,100,0,5,335
17,yes,no,1,open,4,P,0,37,100,0,40,336
17,yes,no,1,open,5,N,0,21,100,0,0,337
17,yes,no,1,open,5,S,0,11,100,0,0,338
17,yes,no,1,open,5,P,0,0,100,0,0,339
17,yes,no,1,open,6,N,0,29,100,0,67,340
17,yes,no,1,open,6,S,0,53,100,0,24,341
17,yes,no,1,open,6,P,0,6,100,0,0,342
17,yes,no,1,open,7,N,0,33,100,0,61,343
17,yes,no,1,open,7,S,0,30,100,0,2,344
17,yes,no,1,open,7,P,4,39,100,0,0,345
17,yes,no,1,open,8,N,0,21,100,0,21,346
17,yes,no,1,open,8,S,0,15,100,0,37,347
17,yes,no,1,open,8,P,8,53,100,0,33,348
17,yes,no,1,open,9,N,12,77,100,0,0,349
17,yes,no,1,open,9,S,3,54,100,0,26,350
17,yes,no,1,open,9,P,0,36,100,0,0,351
17,yes,no,2,open,10,N,0,6,100,0,7,352
17,yes,no,2,open,10,S,0,31,100,0,38,353
17,yes,no,2,open,10,P,12,8,100,0,4,354
17,yes,no,2,open,11,N,15,0,100,0,0,355
17,yes,no,2,open,11,S,0,0,100,0,0,356
17,yes,no,2,open,11,P,12,0,100,0,0,357
17,yes,no,2,open,12,N,0,3,100,0,0,358
17,yes,no,2,open,12,S,0,0,100,0,0,359
17,yes,no,2,open,12,P,6,35,100,0,5,360
17,yes,no,2,open,13,N,10,38,100,0,21,361
17,yes,no,2,open,13,S,0,34,100,0,2,362
17,yes,no,2,open,13,P,0,5,100,0,0,363
17,yes,no,2,open,14,N,0,46,100,0,11,364
17,yes,no,2,open,14,S,0,24,100,0,0,365
17,yes,no,2,open,14,P,0,49,100,0,2,366
17,yes,no,2,open,15,N,0,5,100,0,1,367
17,yes,no,2,open,15,S,0,14,100,0,0,368
17,yes,no,2,open,15,P,3,6,100,0,0,369
17,yes,no,2,open,16,N,0,34,100,0,0,370
17,yes,no,2,open,16,S,9,4,100,0,0,371
17,yes,no,2,open,16,P,0,47,100,0,10,372
17,yes,no,2,open,17,N,6,42,100,0,9,373
17,yes,no,2,open,17,S,0,43,100,0,4,374
17,yes,no,2,open,17,P,4,73,100,0,0,375
17,yes,no,2,open,18,N,7,16,100,0,7,376
17,yes,no,2,open,18,S,0,42,100,0,7,377
17,yes,no,2,open,18,P,0,45,100,0,0,378
17,yes,no,3,open,19,N,2,18,100,0,5,379
17,yes,no,3,open,19,S,2,0,100,0,0,380
17,yes,no,3,open,19,P,0,26,100,0,0,381
17,yes,no,3,open,20,N,0,5,100,0,0,382
17,yes,no,3,open,20,S,5,11,100,0,19,383
17,yes,no,3,open,20,P,0,52,100,0,1,384
17,yes,no,3,open,21,N,4,4,100,0,5,385
17,yes,no,3,open,21,S,0,1,100,0,0,386
17,yes,no,3,open,21,P,2,0,100,0,0,387
17,yes,no,3,open,22,N,0,11,100,0,16,388
17,yes,no,3,open,22,S,0,2,100,0,2,389
17,yes,no,3,open,22,P,0,5,100,0,5,390
17,yes,no,3,open,23,N,0,1,100,0,0,391
17,yes,no,3,open,23,S,0,0,100,0,0,392
17,yes,no,3,open,23,P,0,12,100,0,0,393
17,yes,no,3,open,24,N,0,20,100,0,26,394
17,yes,no,3,open,24,S,0,10,100,0,1,395
17,yes,no,3,open,24,P,0,40,100,0,0,396
17,yes,no,3,open,25,N,0,47,100,0,25,397
17,yes,no,3,open,25,S,0,6,100,0,0,398
17,yes,no,3,open,25,P,3,51,100,0,1,399
17,yes,no,3,open,26,N,0,18,100,0,0,400
17,yes,no,3,open,26,S,0,28,100,0,0,401
17,yes,no,3,open,26,P,0,0,100,0,0,402
17,yes,no,3,open,27,N,0,21,100,0,0,403
17,yes,no,3,open,27,S,0,35,100,0,0,404
17,yes,no,3,open,27,P,0,38,100,0,0,405
17,yes,no,4,open,28,N,0,0,100,0,0,406
17,yes,no,4,open,28,S,0,0,100,0,0,407
17,yes,no,4,open,28,P,0,0,100,0,0,408
17,yes,no,4,open,29,N,0,0,100,0,0,409
17,yes,no,4,open,29,S,0,0,100,0,0,410
17,yes,no,4,open,29,P,0,5,100,0,0,411
17,yes,no,4,open,30,N,0,20,100,0,31,412
17,yes,no,4,open,30,S,10,25,100,0,0,413
17,yes,no,4,open,30,P,6,24,100,0,0,414
17,yes,no,4,open,31,N,0,3,100,0,0,415
17,yes,no,4,open,31,S,1,6,100,0,14,416
17,yes,no,4,open,31,P,5,6,100,0,0,417
17,yes,no,4,open,32,N,0,1,100,0,0,418
17,yes,no,4,open,32,S,0,17,100,0,0,419
17,yes,no,4,open,32,P,3,32,100,0,2,420
17,yes,no,4,open,33,N,6,42,100,0,41,421
17,yes,no,4,open,33,S,0,14,100,0,16,422
17,yes,no,4,open,33,P,8,43,100,0,13,423
17,yes,no,4,open,34,N,0,0,100,0,0,424
17,yes,no,4,open,34,S,1,10,100,0,0,425
17,yes,no,4,open,34,P,0,51,100,0,15,426
17,yes,no,4,open,35,N,0,8,100,0,0,427
17,yes,no,4,open,35,S,0,29,100,0,21,428
17,yes,no,4,open,35,P,0,7,100,0,0,429
17,yes,no,4,open,36,N,0,0,100,0,0,430
17,yes,no,4,open,36,S,0,0,100,0,0,431
17,yes,no,4,open,36,P,0,0,100,0,0,432
21,no,no,1,open,1,N,0,36,100,0,147,433
21,no,no,1,open,1,S,0,26,100,0,5,434
21,no,no,1,open,1,P,0,0,100,0,0,435
21,no,no,1,open,2,N,11,31,100,0,4,436
21,no,no,1,open,2,S,1,76,100,0,3,437
21,no,no,1,open,2,P,0,95,100,0,8,438
21,no,no,1,open,3,N,3,51,100,0,26,439
21,no,no,1,open,3,S,0,32,100,0,29,440
21,no,no,1,open,3,P,0,74,100,0,31,441
21,no,no,1,open,4,N,9,93,100,0,163,442
21,no,no,1,open,4,S,0,55,100,0,326,443
21,no,no,1,open,4,P,1,94,100,0,0,444
21,no,no,1,open,5,N,6,92,100,0,195,445
21,no,no,1,open,5,S,7,15,100,2,107,446
21,no,no,1,open,5,P,0,69,100,0,0,447
21,no,no,1,open,6,N,0,78,100,0,3,448
21,no,no,1,open,6,S,0,39,100,0,0,449
21,no,no,1,open,6,P,2,38,100,0,4,450
21,no,no,1,open,7,N,0,19,100,0,0,451
21,no,no,1,open,7,S,0,15,100,0,0,452
21,no,no,1,open,7,P,0,0,100,0,0,453
21,no,no,1,open,8,N,0,91,100,0,110,454
21,no,no,1,open,8,S,0,41,100,0,70,455
21,no,no,1,open,8,P,0,71,100,0,4,456
21,no,no,1,open,9,N,0,21,100,0,0,457
21,no,no,1,open,9,S,0,46,100,0,75,458
21,no,no,1,open,9,P,0,69,100,0,63,459
21,no,no,2,open,10,N,0,48,100,0,0,460
21,no,no,2,open,10,S,0,0,100,0,0,461
21,no,no,2,open,10,P,0,0,100,0,0,462
21,no,no,2,open,11,N,0,23,100,0,38,463
21,no,no,2,open,11,S,6,28,100,0,128,464
21,no,no,2,open,11,P,0,5,100,0,3,465
21,no,no,2,open,12,N,0,64,100,0,56,466
21,no,no,2,open,12,S,0,19,100,0,0,467
21,no,no,2,open,12,P,0,33,100,0,1,468
21,no,no,2,open,13,N,14,36,100,0,242,469
21,no,no,2,open,13,S,0,54,100,0,76,470
21,no,no,2,open,13,P,2,38,100,0,0,471
21,no,no,2,open,14,N,0,12,100,0,0,472
21,no,no,2,open,14,S,0,30,100,0,115,473
21,no,no,2,open,14,P,0,10,100,0,0,474
21,no,no,2,open,15,N,3,56,100,0,276,475
21,no,no,2,open,15,S,0,23,100,0,52,476
21,no,no,2,open,15,P,10,26,100,0,0,477
21,no,no,2,open,16,N,4,78,100,0,120,478
21,no,no,2,open,16,S,0,75,100,0,140,479
21,no,no,2,open,16,P,0,91,100,0,0,480
21,no,no,2,open,17,N,7,41,100,0,37,481
21,no,no,2,open,17,S,6,21,100,0,4,482
21,no,no,2,open,17,P,0,62,100,0,3,483
21,no,no,2,open,18,N,20,51,100,0,66,484
21,no,no,2,open,18,S,0,15,100,0,10,485
21,no,no,2,open,18,P,0,99,100,0,5,486
21,no,no,3,open,19,N,9,89,100,0,36,487
21,no,no,3,open,19,S,23,25,100,0,11,488
21,no,no,3,open,19,P,0,14,100,0,0,489
21,no,no,3,open,20,N,0,0,100,0,0,490
21,no,no,3,open,20,S,0,51,100,0,13,491
21,no,no,3,open,20,P,0,0,100,0,0,492
21,no,no,3,open,21,N,0,0,100,0,0,493
21,no,no,3,open,21,S,0,0,100,0,0,494
21,no,no,3,open,21,P,1,59,100,0,3,495
21,no,no,3,open,22,N,22,53,100,0,3,496
21,no,no,3,open,22,S,0,22,100,0,4,497
21,no,no,3,open,22,P,0,24,100,0,0,498
21,no,no,3,open,23,N,3,83,100,0,159,499
21,no,no,3,open,23,S,5,33,100,0,22,500
21,no,no,3,open,23,P,1,4,100,0,0,501
21,no,no,3,open,24,N,8,81,100,0,367,502
21,no,no,3,open,24,S,6,62,100,0,92,503
21,no,no,3,open,24,P,0,62,100,0,0,504
21,no,no,3,open,25,N,0,63,100,0,90,505
21,no,no,3,open,25,S,8,62,100,0,31,506
21,no,no,3,open,25,P,0,81,100,0,0,507
21,no,no,3,open,26,N,42,6,100,0,0,508
21,no,no,3,open,26,S,0,40,100,0,0,509
21,no,no,3,open,26,P,0,96,100,0,8,510
21,no,no,3,open,27,N,2,78,100,0,115,511
21,no,no,3,open,27,S,0,40,100,0,5,512
21,no,no,3,open,27,P,1,29,100,0,17,513
21,no,no,4,open,28,N,0,27,100,0,11,514
21,no,no,4,open,28,S,0,5,100,0,0,515
21,no,no,4,open,28,P,0,6,100,0,2,516
21,no,no,4,open,29,N,8,1,100,0,3,517
21,no,no,4,open,29,S,1,23,100,0,0,518
21,no,no,4,open,29,P,0,6,100,0,0,519
21,no,no,4,open,30,N,2,31,100,0,4,520
21,no,no,4,open,30,S,0,40,100,0,26,521
21,no,no,4,open,30,P,0,12,100,0,0,522
21,no,no,4,open,31,N,4,28,100,0,0,523
21,no,no,4,open,31,S,0,39,100,0,111,524
21,no,no,4,open,31,P,0,12,100,0,14,525
21,no,no,4,open,32,N,0,51,100,0,45,526
21,no,no,4,open,32,S,0,32,100,0,0,527
21,no,no,4,open,32,P,0,23,100,0,0,528
21,no,no,4,open,33,N,0,48,100,0,0,529
21,no,no,4,open,33,S,0,28,100,0,0,530
21,no,no,4,open,33,P,0,9,100,0,0,531
21,no,no,4,open,34,N,22,42,100,0,122,532
21,no,no,4,open,34,S,0,91,100,0,210,533
21,no,no,4,open,34,P,0,38,100,0,0,534
21,no,no,4,open,35,N,0,48,100,0,12,535
21,no,no,4,open,35,S,5,37,100,0,0,536
21,no,no,4,open,35,P,3,31,100,0,0,537
21,no,no,4,open,36,N,0,41,100,0,0,538
21,no,no,4,open,36,S,0,5,100,0,0,539
21,no,no,4,open,36,P,0,0,100,0,0,540
22,yes,no,1,open,1,N,4,2,100,0,0,541
22,yes,no,1,open,1,S,0,0,100,0,0,542
22,yes,no,1,open,1,P,0,6,100,0,0,543
22,yes,no,1,open,2,N,0,0,100,0,0,544
22,yes,no,1,open,2,S,0,0,100,0,0,545
22,yes,no,1,open,2,P,0,0,100,0,0,546
22,yes,no,1,open,3,N,0,12,100,0,11,547
22,yes,no,1,open,3,S,0,13,100,0,4,548
22,yes,no,1,open,3,P,0,0,100,0,0,549
22,yes,no,1,open,4,N,0,0,100,0,0,550
22,yes,no,1,open,4,S,0,0,100,0,0,551
22,yes,no,1,open,4,P,0,0,100,0,0,552
22,yes,no,1,open,5,N,0,2,100,0,0,553
22,yes,no,1,open,5,S,0,6,100,0,0,554
22,yes,no,1,open,5,P,0,24,100,0,0,555
22,yes,no,1,open,6,N,0,16,100,0,23,556
22,yes,no,1,open,6,S,0,34,100,0,32,557
22,yes,no,1,open,6,P,0,2,100,0,0,558
22,yes,no,1,open,7,N,0,46,100,0,0,559
22,yes,no,1,open,7,S,0,5,100,0,0,560
22,yes,no,1,open,7,P,0,3,100,0,7,561
22,yes,no,1,open,8,N,8,25,100,0,0,562
22,yes,no,1,open,8,S,0,47,100,0,21,563
22,yes,no,1,open,8,P,9,27,100,0,0,564
22,yes,no,1,open,9,N,2,13,100,0,1,565
22,yes,no,1,open,9,S,0,0,100,0,0,566
22,yes,no,1,open,9,P,0,4,100,0,0,567
22,yes,no,2,open,10,N,0,0,100,0,0,568
22,yes,no,2,open,10,S,0,0,100,0,0,569
22,yes,no,2,open,10,P,0,0,100,0,0,570
22,yes,no,2,open,11,N,0,0,100,0,0,571
22,yes,no,2,open,11,S,0,6,100,0,0,572
22,yes,no,2,open,11,P,0,2,100,0,0,573
22,yes,no,2,open,12,N,0,6,100,0,3,574
22,yes,no,2,open,12,S,0,16,100,0,21,575
22,yes,no,2,open,12,P,0,36,100,0,0,576
22,yes,no,2,open,13,N,0,0,100,0,0,577
22,yes,no,2,open,13,S,0,0,100,0,0,578
22,yes,no,2,open,13,P,0,6,100,0,0,579
22,yes,no,2,open,14,N,0,41,100,0,2,580
22,yes,no,2,open,14,S,0,1,100,0,0,581
22,yes,no,2,open,14,P,3,14,100,0,0,582
22,yes,no,2,open,15,N,0,8,100,0,0,583
22,yes,no,2,open,15,S,0,27,100,0,28,584
22,yes,no,2,open,15,P,0,9,100,0,0,585
22,yes,no,2,open,16,N,0,2,100,0,0,586
22,yes,no,2,open,16,S,0,0,100,0,0,587
22,yes,no,2,open,16,P,0,34,100,0,3,588
22,yes,no,2,open,17,N,0,9,100,0,0,589
22,yes,no,2,open,17,S,0,2,100,0,1,590
22,yes,no,2,open,17,P,0,41,100,0,0,591
22,yes,no,2,open,18,N,0,2,100,0,0,592
22,yes,no,2,open,18,S,0,3,100,0,0,593
22,yes,no,2,open,18,P,0,9,100,0,0,594
22,yes,no,3,open,19,N,0,0,100,0,0,595
22,yes,no,3,open,19,S,0,0,100,0,0,596
22,yes,no,3,open,19,P,0,0,100,0,0,597
22,yes,no,3,open,20,N,0,0,100,0,0,598
22,yes,no,3,open,20,S,0,15,100,0,22,599
22,yes,no,3,open,20,P,0,20,100,0,0,600
22,yes,no,3,open,21,N,0,4,100,0,0,601
22,yes,no,3,open,21,S,0,13,100,0,3,602
22,yes,no,3,open,21,P,0,23,100,0,0,603
22,yes,no,3,open,22,N,0,19,100,0,68,604
22,yes,no,3,open,22,S,1,43,100,0,48,605
22,yes,no,3,open,22,P,0,26,100,0,1,606
22,yes,no,3,open,23,N,0,35,100,0,9,607
22,yes,no,3,open,23,S,0,29,100,0,63,608
22,yes,no,3,open,23,P,0,22,100,0,0,609
22,yes,no,3,open,24,N,0,12,100,0,3,610
22,yes,no,3,open,24,S,3,21,100,0,11,611
22,yes,no,3,open,24,P,7,9,100,0,0,612
22,yes,no,3,open,25,N,0,0,100,0,0,613
22,yes,no,3,open,25,S,0,0,100,0,0,614
22,yes,no,3,open,25,P,0,0,100,0,0,615
22,yes,no,3,open,26,N,0,0,100,0,0,616
22,yes,no,3,open,26,S,0,0,100,0,0,617
22,yes,no,3,open,26,P,0,0,100,0,0,618
22,yes,no,3,open,27,N,0,34,100,0,0,619
22,yes,no,3,open,27,S,0,0,100,0,0,620
22,yes,no,3,open,27,P,0,0,100,0,0,621
22,yes,no,4,open,28,N,0,53,100,0,38,622
22,yes,no,4,open,28,S,4,26,100,0,45,623
22,yes,no,4,open,28,P,0,25,100,0,11,624
22,yes,no,4,open,29,N,0,0,100,0,0,625
22,yes,no,4,open,29,S,0,0,100,0,0,626
22,yes,no,4,open,29,P,0,41,100,0,6,627
22,yes,no,4,open,30,N,0,30,100,0,16,628
22,yes,no,4,open,30,S,0,28,100,0,144,629
22,yes,no,4,open,30,P,0,12,100,0,0,630
22,yes,no,4,open,31,N,0,36,100,0,28,631
22,yes,no,4,open,31,S,0,16,100,0,35,632
22,yes,no,4,open,31,P,0,0,100,0,0,633
22,yes,no,4,open,32,N,0,0,100,0,0,634
22,yes,no,4,open,32,S,0,1,100,0,0,635
22,yes,no,4,open,32,P,0,16,100,0,0,636
22,yes,no,4,open,33,N,0,26,100,0,2,637
22,yes,no,4,open,33,S,0,7,100,0,3,638
22,yes,no,4,open,33,P,0,9,100,0,3,639
22,yes,no,4,open,34,N,0,31,100,0,12,640
22,yes,no,4,open,34,S,0,0,100,0,0,641
22,yes,no,4,open,34,P,0,56,100,0,30,642
22,yes,no,4,open,35,N,0,6,100,0,0,643
22,yes,no,4,open,35,S,0,34,100,0,0,644
22,yes,no,4,open,35,P,0,20,100,0,0,645
22,yes,no,4,open,36,N,0,14,100,0,0,646
22,yes,no,4,open,36,S,0,0,100,0,0,647
22,yes,no,4,open,36,P,0,0,100,0,0,648
30,yes,full,1,gr,1,N,50,65,100,5,0,649
30,yes,full,1,gr,1,S,66,26,100,17,0,650
30,yes,full,1,gr,1,P,55,36,100,15,0,651
30,yes,full,1,gr,2,N,0,21,100,0,0,652
30,yes,full,1,gr,2,S,10,4,100,7,0,653
30,yes,full,1,gr,2,P,55,8,100,25,0,654
30,yes,full,1,gr,3,N,0,0,100,0,0,655
30,yes,full,1,gr,3,S,0,0,100,0,0,656
30,yes,full,1,gr,3,P,54,18,100,6,0,657
30,yes,full,1,gr,4,N,11,40,100,3,5,658
30,yes,full,1,gr,4,S,0,16,100,0,0,659
30,yes,full,1,gr,4,P,92,70,100,31,0,660
30,yes,full,1,gr,5,N,29,76,100,13,0,661
30,yes,full,1,gr,5,S,87,82,100,4,20,662
30,yes,full,1,gr,5,P,93,41,100,14,0,663
30,yes,full,1,gr,6,N,41,25,100,36,13,664
30,yes,full,1,gr,6,S,34,19,100,57,35,665
30,yes,full,1,gr,6,P,31,82,100,9,34,666
30,yes,full,1,gr,7,N,40,9,100,5,0,667
30,yes,full,1,gr,7,S,60,8,100,7,0,668
30,yes,full,1,gr,7,P,9,3,100,0,0,669
30,yes,full,1,gr,8,N,52,10,100,4,0,670
30,yes,full,1,gr,8,S,0,28,100,0,0,671
30,yes,full,1,gr,8,P,89,24,100,9,0,672
30,yes,full,1,gr,9,N,41,0,100,1,0,673
30,yes,full,1,gr,9,S,19,0,100,0,0,674
30,yes,full,1,gr,9,P,92,3,100,7,0,675
30,yes,full,2,gr,10,N,12,5,100,4,0,676
30,yes,full,2,gr,10,S,15,0,100,11,0,677
30,yes,full,2,gr,10,P,44,4,100,27,0,678
30,yes,full,2,gr,11,N,48,30,100,33,0,679
30,yes,full,2,gr,11,S,24,33,100,21,0,680
30,yes,full,2,gr,11,P,78,47,100,42,0,681
30,yes,full,2,gr,12,N,22,13,100,16,0,682
30,yes,full,2,gr,12,S,21,17,100,22,7,683
30,yes,full,2,gr,12,P,61,62,100,28,6,684
30,yes,full,2,gr,13,N,3,7,100,5,0,685
30,yes,full,2,gr,13,S,15,0,100,14,0,686
30,yes,full,2,gr,13,P,19,35,100,0,6,687
30,yes,full,2,gr,14,N,0,0,100,0,0,688
30,yes,full,2,gr,14,S,0,0,100,0,0,689
30,yes,full,2,gr,14,P,0,0,100,0,0,690
30,yes,full,2,gr,15,N,0,0,100,0,0,691
30,yes,full,2,gr,15,S,0,0,100,0,0,692
30,yes,full,2,gr,15,P,0,0,100,0,0,693
30,yes,full,2,gr,16,N,3,0,100,0,0,694
30,yes,full,2,gr,16,S,13,26,100,3,0,695
30,yes,full,2,gr,16,P,97,12,100,3,0,696
30,yes,full,2,gr,17,N,96,12,100,4,0,697
30,yes,full,2,gr,17,S,2,0,100,0,0,698
30,yes,full,2,gr,17,P,3,0,100,0,0,699
30,yes,full,2,gr,18,N,18,27,100,2,0,700
30,yes,full,2,gr,18,S,35,36,100,0,0,701
30,yes,full,2,gr,18,P,0,0,100,0,0,702
30,yes,full,3,gr,19,N,0,2,100,0,0,703
30,yes,full,3,gr,19,S,0,0,100,0,0,704
30,yes,full,3,gr,19,P,9,29,100,2,0,705
30,yes,full,3,gr,20,N,27,61,100,18,23,706
30,yes,full,3,gr,20,S,10,49,100,8,0,707
30,yes,full,3,gr,20,P,47,55,100,6,0,708
30,yes,full,3,gr,21,N,0,0,100,0,0,709
30,yes,full,3,gr,21,S,0,0,100,0,0,710
30,yes,full,3,gr,21,P,0,0,100,0,0,711
30,yes,full,3,gr,22,N,0,0,100,0,0,712
30,yes,full,3,gr,22,S,0,0,100,0,0,713
30,yes,full,3,gr,22,P,6,1,100,14,0,714
30,yes,full,3,gr,23,N,0,0,100,0,0,715
30,yes,full,3,gr,23,S,7,0,100,4,0,716
30,yes,full,3,gr,23,P,17,26,100,3,41,717
30,yes,full,3,gr,24,N,0,0,100,0,0,718
30,yes,full,3,gr,24,S,0,0,100,0,0,719
30,yes,full,3,gr,24,P,10,1,100,3,0,720
30,yes,full,3,gr,25,N,57,21,100,10,0,721
30,yes,full,3,gr,25,S,0,0,100,0,0,722
30,yes,full,3,gr,25,P,68,75,100,9,10,723
30,yes,full,3,gr,26,N,7,5,100,0,0,724
30,yes,full,3,gr,26,S,2,21,100,0,0,725
30,yes,full,3,gr,26,P,93,27,100,5,0,726
30,yes,full,3,gr,27,N,26,48,100,10,5,727
30,yes,full,3,gr,27,S,0,0,100,0,0,728
30,yes,full,3,gr,27,P,39,28,100,16,0,729
30,yes,full,4,gr,28,N,10,32,100,4,1,730
30,yes,full,4,gr,28,S,23,14,100,5,0,731
30,yes,full,4,gr,28,P,40,39,100,4,0,732
30,yes,full,4,gr,29,N,0,0,100,0,0,733
30,yes,full,4,gr,29,S,0,0,100,0,0,734
30,yes,full,4,gr,29,P,0,22,100,0,4,735
30,yes,full,4,gr,30,N,13,22,100,5,5,736
30,yes,full,4,gr,30,S,14,64,100,0,5,737
30,yes,full,4,gr,30,P,41,36,100,11,8,738
30,yes,full,4,gr,31,N,24,3,100,2,0,739
30,yes,full,4,gr,31,S,26,43,100,4,0,740
30,yes,full,4,gr,31,P,40,50,100,2,0,741
30,yes,full,4,gr,32,N,0,55,100,0,7,742
30,yes,full,4,gr,32,S,9,28,100,2,0,743
30,yes,full,4,gr,32,P,46,55,100,23,0,744
30,yes,full,4,gr,33,N,47,13,100,7,0,745
30,yes,full,4,gr,33,S,0,3,100,0,0,746
30,yes,full,4,gr,33,P,53,46,100,23,0,747
30,yes,full,4,gr,34,N,5,39,100,0,8,748
30,yes,full,4,gr,34,S,28,1,100,4,0,749
30,yes,full,4,gr,34,P,99,10,100,19,0,750
30,yes,full,4,gr,35,N,0,71,100,0,0,751
30,yes,full,4,gr,35,S,0,0,100,0,0,752
30,yes,full,4,gr,35,P,0,15,100,0,0,753
30,yes,full,4,gr,36,N,0,14,100,0,0,754
30,yes,full,4,gr,36,S,9,6,100,7,4,755
30,yes,full,4,gr,36,P,44,23,100,41,0,756
31,yes,full,1,gr,1,N,0,0,100,0,0,757
31,yes,full,1,gr,1,S,0,0,100,0,0,758
31,yes,full,1,gr,1,P,7,7,100,1,0,759
31,yes,full,1,gr,2,N,20,33,100,5,7,760
31,yes,full,1,gr,2,S,25,28,100,2,0,761
31,yes,full,1,gr,2,P,38,85,100,2,53,762
31,yes,full,1,gr,3,N,0,0,100,0,0,763
31,yes,full,1,gr,3,S,0,1,100,0,0,764
31,yes,full,1,gr,3,P,58,15,100,28,0,765
31,yes,full,1,gr,4,N,41,29,100,2,0,766
31,yes,full,1,gr,4,S,28,46,100,17,0,767
31,yes,full,1,gr,4,P,85,62,100,0,0,768
31,yes,full,1,gr,5,N,0,22,100,0,12,769
31,yes,full,1,gr,5,S,0,3,100,0,0,770
31,yes,full,1,gr,5,P,1,49,100,0,5,771
31,yes,full,1,gr,6,N,36,52,100,5,5,772
31,yes,full,1,gr,6,S,47,39,100,10,14,773
31,yes,full,1,gr,6,P,91,37,100,4,0,774
31,yes,full,1,gr,7,N,39,79,100,11,21,775
31,yes,full,1,gr,7,S,6,36,100,1,14,776
31,yes,full,1,gr,7,P,44,48,100,6,2,777
31,yes,full,1,gr,8,N,35,26,100,11,0,778
31,yes,full,1,gr,8,S,9,45,100,1,11,779
31,yes,full,1,gr,8,P,22,54,100,0,9,780
31,yes,full,1,gr,9,N,58,54,100,8,5,781
31,yes,full,1,gr,9,S,18,85,100,4,23,782
31,yes,full,1,gr,9,P,41,60,100,3,19,783
31,yes,full,2,gr,10,N,0,34,100,0,0,784
31,yes,full,2,gr,10,S,0,40,100,0,15,785
31,yes,full,2,gr,10,P,7,52,100,0,42,786
31,yes,full,2,gr,11,N,0,0,100,0,0,787
31,yes,full,2,gr,11,S,0,26,100,0,0,788
31,yes,full,2,gr,11,P,0,27,100,0,0,789
31,yes,full,2,gr,12,N,5,34,100,0,0,790
31,yes,full,2,gr,12,S,1,20,100,0,0,791
31,yes,full,2,gr,12,P,26,71,100,1,0,792
31,yes,full,2,gr,13,N,14,61,100,0,8,793
31,yes,full,2,gr,13,S,8,37,100,0,2,794
31,yes,full,2,gr,13,P,21,75,100,2,0,795
31,yes,full,2,gr,14,N,49,38,100,10,0,796
31,yes,full,2,gr,14,S,29,58,100,0,9,797
31,yes,full,2,gr,14,P,67,73,100,0,11,798
31,yes,full,2,gr,15,N,17,43,100,2,0,799
31,yes,full,2,gr,15,S,0,1,100,0,0,800
31,yes,full,2,gr,15,P,25,45,100,3,12,801
31,yes,full,2,gr,16,N,0,10,100,0,0,802
31,yes,full,2,gr,16,S,0,11,100,0,5,803
31,yes,full,2,gr,16,P,16,41,100,6,6,804
31,yes,full,2,gr,17,N,0,57,100,0,12,805
31,yes,full,2,gr,17,S,2,34,100,0,0,806
31,yes,full,2,gr,17,P,10,95,100,0,29,807
31,yes,full,2,gr,18,N,23,39,100,2,0,808
31,yes,full,2,gr,18,S,3,11,100,0,0,809
31,yes,full,2,gr,18,P,57,81,100,7,18,810
31,yes,full,3,gr,19,N,34,4,100,2,0,811
31,yes,full,3,gr,19,S,0,7,100,0,21,812
31,yes,full,3,gr,19,P,42,43,100,6,29,813
31,yes,full,3,gr,20,N,31,81,100,5,23,814
31,yes,full,3,gr,20,S,7,57,100,5,6,815
31,yes,full,3,gr,20,P,27,63,100,2,13,816
31,yes,full,3,gr,21,N,11,63,100,0,0,817
31,yes,full,3,gr,21,S,10,27,100,4,13,818
31,yes,full,3,gr,21,P,12,85,100,0,17,819
31,yes,full,3,gr,22,N,0,13,100,0,0,820
31,yes,full,3,gr,22,S,13,15,100,4,0,821
31,yes,full,3,gr,22,P,20,3,100,3,0,822
31,yes,full,3,gr,23,N,0,35,100,0,11,823
31,yes,full,3,gr,23,S,0,2,100,0,0,824
31,yes,full,3,gr,23,P,85,16,100,13,0,825
31,yes,full,3,gr,24,N,9,3,100,0,0,826
31,yes,full,3,gr,24,S,12,12,100,0,7,827
31,yes,full,3,gr,24,P,18,42,100,0,21,828
31,yes,full,3,gr,25,N,0,16,100,0,0,829
31,yes,full,3,gr,25,S,0,35,100,0,0,830
31,yes,full,3,gr,25,P,12,79,100,0,24,831
31,yes,full,3,gr,26,N,0,40,100,0,26,832
31,yes,full,3,gr,26,S,27,25,100,7,23,833
31,yes,full,3,gr,26,P,8,76,100,2,92,834
31,yes,full,3,gr,27,N,22,6,100,0,0,835
31,yes,full,3,gr,27,S,0,6,100,0,0,836
31,yes,full,3,gr,27,P,0,20,100,0,0,837
31,yes,full,4,gr,28,N,0,10,100,0,6,838
31,yes,full,4,gr,28,S,0,0,100,0,0,839
31,yes,full,4,gr,28,P,25,72,100,5,6,840
31,yes,full,4,gr,29,N,21,23,100,2,0,841
31,yes,full,4,gr,29,S,0,22,100,0,0,842
31,yes,full,4,gr,29,P,34,71,100,7,2,843
31,yes,full,4,gr,30,N,19,51,100,0,0,844
31,yes,full,4,gr,30,S,4,49,100,0,5,845
31,yes,full,4,gr,30,P,17,30,100,0,14,846
31,yes,full,4,gr,31,N,15,40,100,1,0,847
31,yes,full,4,gr,31,S,6,27,100,0,2,848
31,yes,full,4,gr,31,P,1,35,100,0,3,849
31,yes,full,4,gr,32,N,0,49,100,0,13,850
31,yes,full,4,gr,32,S,0,56,100,0,16,851
31,yes,full,4,gr,32,P,25,99,100,2,20,852
31,yes,full,4,gr,33,N,0,0,100,0,0,853
31,yes,full,4,gr,33,S,0,0,100,0,0,854
31,yes,full,4,gr,33,P,1,0,100,0,0,855
31,yes,full,4,gr,34,N,5,44,100,0,6,856
31,yes,full,4,gr,34,S,0,25,100,0,0,857
31,yes,full,4,gr,34,P,59,6,100,8,0,858
31,yes,full,4,gr,35,N,19,37,100,2,11,859
31,yes,full,4,gr,35,S,3,0,100,0,0,860
31,yes,full,4,gr,35,P,5,48,100,0,2,861
31,yes,full,4,gr,36,N,31,60,100,33,6,862
31,yes,full,4,gr,36,S,5,23,100,2,3,863
31,yes,full,4,gr,36,P,25,72,100,0,21,864
32,yes,full,1,gr,1,N,8,14,100,0,0,865
32,yes,full,1,gr,1,S,25,26,100,0,0,866
32,yes,full,1,gr,1,P,58,54,100,6,0,867
32,yes,full,1,gr,2,N,46,89,100,0,4,868
32,yes,full,1,gr,2,S,0,20,100,0,17,869
32,yes,full,1,gr,2,P,75,76,100,0,0,870
32,yes,full,1,gr,3,N,0,68,100,0,3,871
32,yes,full,1,gr,3,S,0,14,100,0,0,872
32,yes,full,1,gr,3,P,42,90,100,0,18,873
32,yes,full,1,gr,4,N,2,17,100,0,0,874
32,yes,full,1,gr,4,S,0,13,100,0,0,875
32,yes,full,1,gr,4,P,6,69,100,0,0,876
32,yes,full,1,gr,5,N,25,52,100,1,0,877
32,yes,full,1,gr,5,S,20,91,100,2,3,878
32,yes,full,1,gr,5,P,53,70,100,3,2,879
32,yes,full,1,gr,6,N,17,64,100,5,10,880
32,yes,full,1,gr,6,S,6,33,100,12,0,881
32,yes,full,1,gr,6,P,73,71,100,2,7,882
32,yes,full,1,gr,7,N,0,8,100,0,0,883
32,yes,full,1,gr,7,S,23,15,100,0,0,884
32,yes,full,1,gr,7,P,17,78,100,0,5,885
32,yes,full,1,gr,8,N,72,50,100,0,10,886
32,yes,full,1,gr,8,S,70,44,100,0,0,887
32,yes,full,1,gr,8,P,47,85,100,0,3,888
32,yes,full,1,gr,9,N,0,0,100,0,0,889
32,yes,full,1,gr,9,S,0,10,100,0,0,890
32,yes,full,1,gr,9,P,31,38,100,14,12,891
32,yes,full,2,gr,10,N,68,74,100,21,0,892
32,yes,full,2,gr,10,S,52,74,100,13,0,893
32,yes,full,2,gr,10,P,59,78,100,24,0,894
32,yes,full,2,gr,11,N,47,78,100,6,13,895
32,yes,full,2,gr,11,S,25,24,100,0,0,896
32,yes,full,2,gr,11,P,79,42,100,0,0,897
32,yes,full,2,gr,12,N,33,55,100,7,0,898
32,yes,full,2,gr,12,S,2,26,100,0,0,899
32,yes,full,2,gr,12,P,34,28,100,0,4,900
32,yes,full,2,gr,13,N,34,69,100,0,0,901
32,yes,full,2,gr,13,S,0,43,100,0,4,902
32,yes,full,2,gr,13,P,42,63,100,2,7,903
32,yes,full,2,gr,14,N,20,12,100,0,0,904
32,yes,full,2,gr,14,S,21,9,100,0,0,905
32,yes,full,2,gr,14,P,88,63,100,0,0,906
32,yes,full,2,gr,15,N,11,16,100,0,0,907
32,yes,full,2,gr,15,S,0,17,100,0,0,908
32,yes,full,2,gr,15,P,34,50,100,4,2,909
32,yes,full,2,gr,16,N,3,57,100,0,0,910
32,yes,full,2,gr,16,S,10,53,100,0,5,911
32,yes,full,2,gr,16,P,100,31,100,4,0,912
32,yes,full,2,gr,17,N,49,41,100,8,13,913
32,yes,full,2,gr,17,S,38,42,100,3,1,914
32,yes,full,2,gr,17,P,42,73,100,4,19,915
32,yes,full,2,gr,18,N,1,93,100,0,2,916
32,yes,full,2,gr,18,S,0,51,100,0,0,917
32,yes,full,2,gr,18,P,49,75,100,2,0,918
32,yes,full,3,gr,19,N,3,25,100,0,0,919
32,yes,full,3,gr,19,S,0,8,100,0,0,920
32,yes,full,3,gr,19,P,92,44,100,8,0,921
32,yes,full,3,gr,20,N,82,41,100,26,3,922
32,yes,full,3,gr,20,S,60,58,100,14,0,923
32,yes,full,3,gr,20,P,92,44,100,21,0,924
32,yes,full,3,gr,21,N,48,38,100,8,0,925
32,yes,full,3,gr,21,S,61,56,100,7,0,926
32,yes,full,3,gr,21,P,83,47,100,4,0,927
32,yes,full,3,gr,22,N,7,12,100,3,0,928
32,yes,full,3,gr,22,S,2,21,100,2,0,929
32,yes,full,3,gr,22,P,42,54,100,6,0,930
32,yes,full,3,gr,23,N,6,10,100,0,0,931
32,yes,full,3,gr,23,S,0,36,100,0,0,932
32,yes,full,3,gr,23,P,94,70,100,3,0,933
32,yes,full,3,gr,24,N,11,7,100,0,0,934
32,yes,full,3,gr,24,S,0,28,100,0,0,935
32,yes,full,3,gr,24,P,49,65,100,0,0,936
32,yes,full,3,gr,25,N,7,68,100,0,0,937
32,yes,full,3,gr,25,S,13,0,100,0,0,938
32,yes,full,3,gr,25,P,74,17,100,8,0,939
32,yes,full,3,gr,26,N,3,0,100,0,0,940
32,yes,full,3,gr,26,S,0,28,100,0,0,941
32,yes,full,3,gr,26,P,2,0,100,0,0,942
32,yes,full,3,gr,27,N,33,78,100,1,0,943
32,yes,full,3,gr,27,S,3,63,100,0,0,944
32,yes,full,3,gr,27,P,37,32,100,4,0,945
32,yes,full,4,gr,28,N,0,0,100,0,0,946
32,yes,full,4,gr,28,S,0,2,100,0,0,947
32,yes,full,4,gr,28,P,62,26,100,5,0,948
32,yes,full,4,gr,29,N,59,29,100,8,0,949
32,yes,full,4,gr,29,S,25,20,100,0,0,950
32,yes,full,4,gr,29,P,93,9,100,5,0,951
32,yes,full,4,gr,30,N,37,54,100,2,0,952
32,yes,full,4,gr,30,S,28,60,100,6,0,953
32,yes,full,4,gr,30,P,99,49,100,1,0,954
32,yes,full,4,gr,31,N,37,14,100,0,0,955
32,yes,full,4,gr,31,S,5,27,100,0,0,956
32,yes,full,4,gr,31,P,82,43,100,0,0,957
32,yes,full,4,gr,32,N,10,27,100,8,0,958
32,yes,full,4,gr,32,S,3,79,100,0,0,959
32,yes,full,4,gr,32,P,100,73,100,13,0,960
32,yes,full,4,gr,33,N,1,85,100,6,0,961
32,yes,full,4,gr,33,S,0,3,100,0,0,962
32,yes,full,4,gr,33,P,7,97,100,0,8,963
32,yes,full,4,gr,34,N,4,18,100,0,0,964
32,yes,full,4,gr,34,S,24,45,100,3,0,965
32,yes,full,4,gr,34,P,52,64,100,5,0,966
32,yes,full,4,gr,35,N,19,79,100,2,10,967
32,yes,full,4,gr,35,S,20,61,100,4,0,968
32,yes,full,4,gr,35,P,45,67,100,12,12,969
32,yes,full,4,gr,36,N,54,45,100,7,0,970
32,yes,full,4,gr,36,S,88,29,100,5,11,971
32,yes,full,4,gr,36,P,76,0,100,5,0,972
33,no,full,1,gr,1,N,5,0,100,0,0,973
33,no,full,1,gr,1,S,4,0,100,0,0,974
33,no,full,1,gr,1,P,2,0,100,0,0,975
33,no,full,1,gr,2,N,12,0,100,0,0,976
33,no,full,1,gr,2,S,13,5,100,0,0,977
33,no,full,1,gr,2,P,13,0,100,0,0,978
33,no,full,1,gr,3,N,0,23,100,0,0,979
33,no,full,1,gr,3,S,31,29,100,0,0,980
33,no,full,1,gr,3,P,54,30,100,2,0,981
33,no,full,1,gr,4,N,42,85,100,0,0,982
33,no,full,1,gr,4,S,13,22,100,0,0,983
33,no,full,1,gr,4,P,79,40,100,14,0,984
33,no,full,1,gr,5,N,0,1,100,0,0,985
33,no,full,1,gr,5,S,1,0,100,0,0,986
33,no,full,1,gr,5,P,6,0,100,0,0,987
33,no,full,1,gr,6,N,35,1,100,0,0,988
33,no,full,1,gr,6,S,1,0,100,0,0,989
33,no,full,1,gr,6,P,4,0,100,0,0,990
33,no,full,1,gr,7,N,47,4,100,0,0,991
33,no,full,1,gr,7,S,39,4,100,0,0,992
33,no,full,1,gr,7,P,38,0,100,0,0,993
33,no,full,1,gr,8,N,29,7,100,0,0,994
33,no,full,1,gr,8,S,7,0,100,0,0,995
33,no,full,1,gr,8,P,51,22,100,0,0,996
33,no,full,1,gr,9,N,24,13,100,0,0,997
33,no,full,1,gr,9,S,38,13,100,0,0,998
33,no,full,1,gr,9,P,21,2,100,0,0,999
33,no,full,2,gr,10,N,23,0,100,0,0,1000
33,no,full,2,gr,10,S,46,0,100,0,0,1001
33,no,full,2,gr,10,P,37,0,100,0,0,1002
33,no,full,2,gr,11,N,0,0,100,0,0,1003
33,no,full,2,gr,11,S,0,0,100,0,0,1004
33,no,full,2,gr,11,P,0,0,100,0,0,1005
33,no,full,2,gr,12,N,2,0,100,0,0,1006
33,no,full,2,gr,12,S,0,0,100,0,0,1007
33,no,full,2,gr,12,P,44,29,100,0,0,1008
33,no,full,2,gr,13,N,14,36,100,0,0,1009
33,no,full,2,gr,13,S,0,16,100,0,0,1010
33,no,full,2,gr,13,P,6,2,100,0,0,1011
33,no,full,2,gr,14,N,69,26,100,0,0,1012
33,no,full,2,gr,14,S,27,14,100,1,0,1013
33,no,full,2,gr,14,P,99,6,100,12,0,1014
33,no,full,2,gr,15,N,64,12,100,1,9,1015
33,no,full,2,gr,15,S,19,9,100,7,0,1016
33,no,full,2,gr,15,P,6,3,100,0,0,1017
33,no,full,2,gr,16,N,39,0,100,1,0,1018
33,no,full,2,gr,16,S,69,5,100,16,0,1019
33,no,full,2,gr,16,P,87,2,100,12,0,1020
33,no,full,2,gr,17,N,0,0,100,0,0,1021
33,no,full,2,gr,17,S,0,0,100,0,0,1022
33,no,full,2,gr,17,P,0,0,100,0,0,1023
33,no,full,2,gr,18,N,0,2,100,0,0,1024
33,no,full,2,gr,18,S,7,5,100,0,0,1025
33,no,full,2,gr,18,P,27,0,100,0,0,1026
33,no,full,3,gr,19,N,8,3,100,0,0,1027
33,no,full,3,gr,19,S,0,1,100,0,0,1028
33,no,full,3,gr,19,P,0,9,100,0,0,1029
33,no,full,3,gr,20,N,1,8,100,0,0,1030
33,no,full,3,gr,20,S,1,0,100,0,0,1031
33,no,full,3,gr,20,P,22,25,100,2,0,1032
33,no,full,3,gr,21,N,4,5,100,0,0,1033
33,no,full,3,gr,21,S,7,27,100,11,0,1034
33,no,full,3,gr,21,P,76,19,100,0,17,1035
33,no,full,3,gr,22,N,14,41,100,2,0,1036
33,no,full,3,gr,22,S,8,69,100,0,16,1037
33,no,full,3,gr,22,P,64,77,100,3,16,1038
33,no,full,3,gr,23,N,44,4,100,3,0,1039
33,no,full,3,gr,23,S,15,4,100,2,0,1040
33,no,full,3,gr,23,P,49,13,100,2,0,1041
33,no,full,3,gr,24,N,58,28,100,0,0,1042
33,no,full,3,gr,24,S,24,23,100,0,0,1043
33,no,full,3,gr,24,P,81,44,100,12,0,1044
33,no,full,3,gr,25,N,38,22,100,1,0,1045
33,no,full,3,gr,25,S,4,12,100,0,0,1046
33,no,full,3,gr,25,P,32,16,100,0,0,1047
33,no,full,3,gr,26,N,32,15,100,0,0,1048
33,no,full,3,gr,26,S,72,21,100,2,0,1049
33,no,full,3,gr,26,P,21,7,100,3,0,1050
33,no,full,3,gr,27,N,16,2,100,0,0,1051
33,no,full,3,gr,27,S,18,21,100,0,0,1052
33,no,full,3,gr,27,P,48,0,100,4,0,1053
33,no,full,4,gr,28,N,14,0,100,0,0,1054
33,no,full,4,gr,28,S,15,33,100,0,0,1055
33,no,full,4,gr,28,P,8,8,100,0,0,1056
33,no,full,4,gr,29,N,13,0,100,0,0,1057
33,no,full,4,gr,29,S,19,10,100,0,0,1058
33,no,full,4,gr,29,P,37,1,100,0,0,1059
33,no,full,4,gr,30,N,25,22,100,0,0,1060
33,no,full,4,gr,30,S,35,17,100,0,0,1061
33,no,full,4,gr,30,P,7,1,100,0,0,1062
33,no,full,4,gr,31,N,44,20,100,9,0,1063
33,no,full,4,gr,31,S,32,56,100,16,0,1064
33,no,full,4,gr,31,P,34,29,100,0,0,1065
33,no,full,4,gr,32,N,43,26,100,1,0,1066
33,no,full,4,gr,32,S,40,46,100,13,6,1067
33,no,full,4,gr,32,P,57,86,100,2,12,1068
33,no,full,4,gr,33,N,1,21,100,2,0,1069
33,no,full,4,gr,33,S,2,20,100,0,0,1070
33,no,full,4,gr,33,P,49,47,100,13,0,1071
33,no,full,4,gr,34,N,52,14,100,0,0,1072
33,no,full,4,gr,34,S,7,8,100,0,0,1073
33,no,full,4,gr,34,P,32,16,100,1,0,1074
33,no,full,4,gr,35,N,78,3,100,0,0,1075
33,no,full,4,gr,35,S,64,14,100,3,0,1076
33,no,full,4,gr,35,P,29,4,100,0,0,1077
33,no,full,4,gr,36,N,85,43,100,21,0,1078
33,no,full,4,gr,36,S,14,23,100,0,0,1079
33,no,full,4,gr,36,P,18,46,100,5,0,1080
34,no,full,1,gr,1,N,54,28,100,1,0,1081
34,no,full,1,gr,1,S,70,58,100,0,0,1082
34,no,full,1,gr,1,P,75,43,100,10,3,1083
34,no,full,1,gr,2,N,45,49,100,7,9,1084
34,no,full,1,gr,2,S,37,37,100,3,0,1085
34,no,full,1,gr,2,P,94,11,100,1,0,1086
34,no,full,1,gr,3,N,45,21,100,0,0,1087
34,no,full,1,gr,3,S,48,76,100,0,0,1088
34,no,full,1,gr,3,P,85,13,100,1,0,1089
34,no,full,1,gr,4,N,30,22,100,0,0,1090
34,no,full,1,gr,4,S,0,2,100,0,0,1091
34,no,full,1,gr,4,P,0,0,100,0,0,1092
34,no,full,1,gr,5,N,27,27,100,0,0,1093
34,no,full,1,gr,5,S,87,29,100,5,0,1094
34,no,full,1,gr,5,P,83,38,100,5,0,1095
34,no,full,1,gr,6,N,92,82,100,4,12,1096
34,no,full,1,gr,6,S,46,93,100,10,0,1097
34,no,full,1,gr,6,P,98,27,100,9,0,1098
34,no,full,1,gr,7,N,27,2,100,3,0,1099
34,no,full,1,gr,7,S,10,0,100,0,0,1100
34,no,full,1,gr,7,P,5,2,100,0,0,1101
34,no,full,1,gr,8,N,65,9,100,3,0,1102
34,no,full,1,gr,8,S,100,6,100,12,0,1103
34,no,full,1,gr,8,P,94,23,100,4,0,1104
34,no,full,1,gr,9,N,44,11,100,3,0,1105
34,no,full,1,gr,9,S,35,5,100,0,0,1106
34,no,full,1,gr,9,P,35,1,100,1,0,1107
34,no,full,2,gr,10,N,53,10,100,1,0,1108
34,no,full,2,gr,10,S,54,76,100,8,0,1109
34,no,full,2,gr,10,P,71,8,100,6,0,1110
34,no,full,2,gr,11,N,45,37,100,2,0,1111
34,no,full,2,gr,11,S,69,53,100,6,0,1112
34,no,full,2,gr,11,P,74,10,100,1,0,1113
34,no,full,2,gr,12,N,64,31,100,1,0,1114
34,no,full,2,gr,12,S,75,29,100,5,0,1115
34,no,full,2,gr,12,P,63,26,100,4,0,1116
34,no,full,2,gr,13,N,86,39,100,10,0,1117
34,no,full,2,gr,13,S,91,52,100,3,2,1118
34,no,full,2,gr,13,P,91,30,100,7,0,1119
34,no,full,2,gr,14,N,72,59,100,9,0,1120
34,no,full,2,gr,14,S,86,40,100,2,0,1121
34,no,full,2,gr,14,P,87,18,100,5,0,1122
34,no,full,2,gr,15,N,37,61,100,6,0,1123
34,no,full,2,gr,15,S,48,64,100,13,0,1124
34,no,full,2,gr,15,P,96,10,100,14,0,1125
34,no,full,2,gr,16,N,29,8,100,0,0,1126
34,no,full,2,gr,16,S,85,9,100,1,0,1127
34,no,full,2,gr,16,P,58,19,100,4,0,1128
34,no,full,2,gr,17,N,15,21,100,0,0,1129
34,no,full,2,gr,17,S,23,5,100,3,0,1130
34,no,full,2,gr,17,P,34,7,100,5,0,1131
34,no,full,2,gr,18,N,0,0,100,0,0,1132
34,no,full,2,gr,18,S,0,0,100,0,0,1133
34,no,full,2,gr,18,P,0,0,100,0,0,1134
34,no,full,3,gr,19,N,7,89,100,0,6,1135
34,no,full,3,gr,19,S,77,46,100,9,0,1136
34,no,full,3,gr,19,P,96,11,100,19,0,1137
34,no,full,3,gr,20,N,82,4,100,3,0,1138
34,no,full,3,gr,20,S,17,4,100,7,0,1139
34,no,full,3,gr,20,P,75,4,100,28,0,1140
34,no,full,3,gr,21,N,46,50,100,0,0,1141
34,no,full,3,gr,21,S,98,37,100,0,0,1142
34,no,full,3,gr,21,P,92,21,100,0,0,1143
34,no,full,3,gr,22,N,70,52,100,2,0,1144
34,no,full,3,gr,22,S,83,56,100,7,0,1145
34,no,full,3,gr,22,P,94,27,100,9,0,1146
34,no,full,3,gr,23,N,61,36,100,1,0,1147
34,no,full,3,gr,23,S,87,29,100,26,0,1148
34,no,full,3,gr,23,P,78,57,100,5,0,1149
34,no,full,3,gr,24,N,24,34,100,0,0,1150
34,no,full,3,gr,24,S,23,92,100,0,0,1151
34,no,full,3,gr,24,P,95,29,100,0,0,1152
34,no,full,3,gr,25,N,0,0,100,0,0,1153
34,no,full,3,gr,25,S,1,1,100,0,0,1154
34,no,full,3,gr,25,P,30,5,100,7,0,1155
34,no,full,3,gr,26,N,9,5,100,0,0,1156
34,no,full,3,gr,26,S,33,10,100,9,0,1157
34,no,full,3,gr,26,P,34,8,100,3,0,1158
34,no,full,3,gr,27,N,0,20,100,0,0,1159
34,no,full,3,gr,27,S,14,71,100,0,0,1160
34,no,full,3,gr,27,P,44,14,100,1,0,1161
34,no,full,4,gr,28,N,7,92,100,0,0,1162
34,no,full,4,gr,28,S,49,78,100,0,0,1163
34,no,full,4,gr,28,P,47,52,100,0,0,1164
34,no,full,4,gr,29,N,6,78,100,0,0,1165
34,no,full,4,gr,29,S,39,43,100,0,0,1166
34,no,full,4,gr,29,P,31,60,100,11,7,1167
34,no,full,4,gr,30,N,0,46,100,0,0,1168
34,no,full,4,gr,30,S,0,0,100,0,0,1169
34,no,full,4,gr,30,P,22,36,100,0,0,1170
34,no,full,4,gr,31,N,0,35,100,0,0,1171
34,no,full,4,gr,31,S,11,19,100,0,0,1172
34,no,full,4,gr,31,P,13,41,100,0,0,1173
34,no,full,4,gr,32,N,0,52,100,0,0,1174
34,no,full,4,gr,32,S,11,26,100,0,0,1175
34,no,full,4,gr,32,P,47,29,100,1,0,1176
34,no,full,4,gr,33,N,76,26,100,2,0,1177
34,no,full,4,gr,33,S,31,32,100,0,0,1178
34,no,full,4,gr,33,P,81,29,100,15,0,1179
34,no,full,4,gr,34,N,92,18,100,8,0,1180
34,no,full,4,gr,34,S,0,98,100,0,0,1181
34,no,full,4,gr,34,P,65,2,100,0,0,1182
34,no,full,4,gr,35,N,81,11,100,3,0,1183
34,no,full,4,gr,35,S,18,25,100,0,0,1184
34,no,full,4,gr,35,P,17,43,100,0,0,1185
34,no,full,4,gr,36,N,11,26,100,0,0,1186
34,no,full,4,gr,36,S,8,1,100,0,0,1187
34,no,full,4,gr,36,P,32,6,100,2,0,1188
35,no,full,1,gr,1,N,9,80,100,0,0,1189
35,no,full,1,gr,1,S,0,90,100,0,19,1190
35,no,full,1,gr,1,P,55,76,100,0,5,1191
35,no,full,1,gr,2,N,40,88,100,0,0,1192
35,no,full,1,gr,2,S,37,50,100,2,0,1193
35,no,full,1,gr,2,P,97,44,100,1,0,1194
35,no,full,1,gr,3,N,20,48,100,0,0,1195
35,no,full,1,gr,3,S,8,23,100,0,0,1196
35,no,full,1,gr,3,P,29,48,100,0,0,1197
35,no,full,1,gr,4,N,47,29,100,0,0,1198
35,no,full,1,gr,4,S,59,22,100,0,0,1199
35,no,full,1,gr,4,P,64,36,100,0,0,1200
35,no,full,1,gr,5,N,19,50,100,1,0,1201
35,no,full,1,gr,5,S,12,59,100,0,0,1202
35,no,full,1,gr,5,P,38,56,100,0,0,1203
35,no,full,1,gr,6,N,21,3,100,0,0,1204
35,no,full,1,gr,6,S,58,13,100,0,0,1205
35,no,full,1,gr,6,P,98,14,100,12,0,1206
35,no,full,1,gr,7,N,62,44,100,10,0,1207
35,no,full,1,gr,7,S,16,59,100,0,0,1208
35,no,full,1,gr,7,P,64,72,100,3,0,1209
35,no,full,1,gr,8,N,15,62,100,0,0,1210
35,no,full,1,gr,8,S,75,21,100,0,0,1211
35,no,full,1,gr,8,P,64,18,100,0,0,1212
35,no,full,1,gr,9,N,85,6,100,5,0,1213
35,no,full,1,gr,9,S,50,26,100,0,0,1214
35,no,full,1,gr,9,P,97,3,100,0,0,1215
35,no,full,2,gr,10,N,12,76,100,0,0,1216
35,no,full,2,gr,10,S,47,87,100,2,0,1217
35,no,full,2,gr,10,P,21,75,100,0,0,1218
35,no,full,2,gr,11,N,26,79,100,0,0,1219
35,no,full,2,gr,11,S,27,68,100,0,0,1220
35,no,full,2,gr,11,P,47,87,100,1,0,1221
35,no,full,2,gr,12,N,30,50,100,0,0,1222
35,no,full,2,gr,12,S,15,34,100,0,0,1223
35,no,full,2,gr,12,P,20,40,100,0,0,1224
35,no,full,2,gr,13,N,13,71,100,0,0,1225
35,no,full,2,gr,13,S,9,90,100,0,6,1226
35,no,full,2,gr,13,P,40,84,100,2,0,1227
35,no,full,2,gr,14,N,27,53,100,0,0,1228
35,no,full,2,gr,14,S,20,45,100,8,0,1229
35,no,full,2,gr,14,P,36,48,100,2,0,1230
35,no,full,2,gr,15,N,28,7,100,0,0,1231
35,no,full,2,gr,15,S,16,5,100,0,0,1232
35,no,full,2,gr,15,P,70,41,100,2,0,1233
35,no,full,2,gr,16,N,30,56,100,0,0,1234
35,no,full,2,gr,16,S,48,4,100,0,0,1235
35,no,full,2,gr,16,P,51,76,100,4,0,1236
35,no,full,2,gr,17,N,88,38,100,3,0,1237
35,no,full,2,gr,17,S,46,17,100,0,0,1238
35,no,full,2,gr,17,P,83,52,100,3,0,1239
35,no,full,2,gr,18,N,28,9,100,1,0,1240
35,no,full,2,gr,18,S,52,7,100,2,0,1241
35,no,full,2,gr,18,P,61,38,100,0,0,1242
35,no,full,3,gr,19,N,78,6,100,3,0,1243
35,no,full,3,gr,19,S,63,32,100,0,0,1244
35,no,full,3,gr,19,P,43,32,100,0,0,1245
35,no,full,3,gr,20,N,23,53,100,0,0,1246
35,no,full,3,gr,20,S,16,21,100,0,0,1247
35,no,full,3,gr,20,P,32,22,100,0,0,1248
35,no,full,3,gr,21,N,64,42,100,0,0,1249
35,no,full,3,gr,21,S,43,2,100,1,0,1250
35,no,full,3,gr,21,P,24,2,100,0,0,1251
35,no,full,3,gr,22,N,23,2,100,0,0,1252
35,no,full,3,gr,22,S,46,33,100,1,0,1253
35,no,full,3,gr,22,P,12,3,100,0,0,1254
35,no,full,3,gr,23,N,23,42,100,0,0,1255
35,no,full,3,gr,23,S,21,42,100,0,0,1256
35,no,full,3,gr,23,P,38,72,100,2,11,1257
35,no,full,3,gr,24,N,32,33,100,0,0,1258
35,no,full,3,gr,24,S,5,62,100,0,0,1259
35,no,full,3,gr,24,P,52,2,100,2,0,1260
35,no,full,3,gr,25,N,45,21,100,0,0,1261
35,no,full,3,gr,25,S,45,65,100,5,0,1262
35,no,full,3,gr,25,P,65,35,100,4,0,1263
35,no,full,3,gr,26,N,48,16,100,1,0,1264
35,no,full,3,gr,26,S,42,38,100,0,0,1265
35,no,full,3,gr,26,P,43,36,100,0,0,1266
35,no,full,3,gr,27,N,86,11,100,3,0,1267
35,no,full,3,gr,27,S,64,31,100,2,0,1268
35,no,full,3,gr,27,P,68,48,100,3,0,1269
35,no,full,4,gr,28,N,41,82,100,0,1,1270
35,no,full,4,gr,28,S,22,93,100,1,0,1271
35,no,full,4,gr,28,P,52,25,100,0,0,1272
35,no,full,4,gr,29,N,36,93,100,0,0,1273
35,no,full,4,gr,29,S,12,65,100,0,5,1274
35,no,full,4,gr,29,P,66,31,100,0,0,1275
35,no,full,4,gr,30,N,28,45,100,0,0,1276
35,no,full,4,gr,30,S,28,81,100,1,0,1277
35,no,full,4,gr,30,P,79,50,100,0,0,1278
35,no,full,4,gr,31,N,48,69,100,1,0,1279
35,no,full,4,gr,31,S,7,95,100,0,0,1280
35,no,full,4,gr,31,P,75,31,100,0,0,1281
35,no,full,4,gr,32,N,29,33,100,0,0,1282
35,no,full,4,gr,32,S,46,16,100,2,0,1283
35,no,full,4,gr,32,P,58,89,100,4,0,1284
35,no,full,4,gr,33,N,62,49,100,0,0,1285
35,no,full,4,gr,33,S,66,35,100,1,0,1286
35,no,full,4,gr,33,P,83,19,100,0,0,1287
35,no,full,4,gr,34,N,46,23,100,0,0,1288
35,no,full,4,gr,34,S,84,38,100,5,0,1289
35,no,full,4,gr,34,P,7,8,100,0,0,1290
35,no,full,4,gr,35,N,28,23,100,0,0,1291
35,no,full,4,gr,35,S,25,24,100,0,0,1292
35,no,full,4,gr,35,P,78,4,100,0,0,1293
35,no,full,4,gr,36,N,78,8,100,1,0,1294
35,no,full,4,gr,36,S,23,46,100,5,0,1295
35,no,full,4,gr,36,P,29,3,100,0,0,1296
5,yes,elev,gr,gr,1,N,0,78,100,0,36,649
5,yes,elev,gr,gr,1,S,0,47,100,0,28,650
5,yes,elev,gr,gr,1,P,0,12,100,0,0,651
5,yes,elev,gr,gr,2,N,0,40,100,0,82,652
5,yes,elev,gr,gr,2,S,0,40,100,0,54,653
5,yes,elev,gr,gr,2,P,0,39,100,0,0,654
5,yes,elev,gr,gr,3,N,2,82,100,0,129,655
5,yes,elev,gr,gr,3,S,0,63,100,0,153,656
5,yes,elev,gr,gr,3,P,3,21,100,0,0,657
5,yes,elev,gr,gr,4,N,0,68,100,0,40,658
5,yes,elev,gr,gr,4,S,0,72,100,0,38,659
5,yes,elev,gr,gr,4,P,0,36,100,0,12,660
5,yes,elev,gr,gr,5,N,0,76,100,0,19,661
5,yes,elev,gr,gr,5,S,0,76,100,0,49,662
5,yes,elev,gr,gr,5,P,14,38,100,0,0,663
5,yes,elev,N,open,1,N,4,54,100,0,115,664
5,yes,elev,N,open,1,S,0,79,100,0,89,665
5,yes,elev,N,open,1,P,5,15,100,0,0,666
5,yes,elev,N,open,2,N,9,14,100,0,0,667
5,yes,elev,N,open,2,S,0,34,100,0,178,668
5,yes,elev,N,open,2,P,7,4,100,0,37,669
5,yes,elev,N,open,3,N,0,94,100,0,321,670
5,yes,elev,N,open,3,S,2,41,100,0,140,671
5,yes,elev,N,open,3,P,20,19,100,0,0,672
5,yes,elev,N,open,4,N,0,7,100,0,0,673
5,yes,elev,N,open,4,S,0,32,100,0,63,674
5,yes,elev,N,open,4,P,6,45,100,0,16,675
5,yes,elev,N,open,5,N,1,57,100,0,103,676
5,yes,elev,N,open,5,S,14,40,100,0,49,677
5,yes,elev,N,open,5,P,6,48,100,0,69,678
5,yes,elev,S,open,1,N,0,87,100,0,164,679
5,yes,elev,S,open,1,S,0,53,100,0,153,680
5,yes,elev,S,open,1,P,0,5,100,0,0,681
5,yes,elev,S,open,2,N,0,58,100,0,103,682
5,yes,elev,S,open,2,S,0,35,100,0,77,683
5,yes,elev,S,open,2,P,0,1,100,0,0,684
5,yes,elev,S,open,3,N,0,0,100,0,0,685
5,yes,elev,S,open,3,S,0,0,100,0,0,686
5,yes,elev,S,open,3,P,0,0,100,0,0,687
5,yes,elev,S,open,4,N,0,54,100,0,270,688
5,yes,elev,S,open,4,S,0,18,100,0,11,689
5,yes,elev,S,open,4,P,0,37,100,0,10,690
5,yes,elev,S,open,5,N,8,63,100,0,146,691
5,yes,elev,S,open,5,S,0,67,100,0,85,692
5,yes,elev,S,open,5,P,0,41,100,0,0,693
5,yes,elev,gr,gr,6,N,0,0,100,0,0,694
5,yes,elev,gr,gr,6,S,0,0,100,0,0,695
5,yes,elev,gr,gr,6,P,0,15,100,0,12,696
5,yes,elev,gr,gr,7,N,2,21,100,0,12,697
5,yes,elev,gr,gr,7,S,0,17,100,0,61,698
5,yes,elev,gr,gr,7,P,0,39,100,0,0,699
5,yes,elev,gr,gr,8,N,0,0,100,0,0,700
5,yes,elev,gr,gr,8,S,0,0,100,0,0,701
5,yes,elev,gr,gr,8,P,0,29,100,0,69,702
5,yes,elev,gr,gr,9,N,5,0,100,0,0,703
5,yes,elev,gr,gr,9,S,0,16,100,0,13,704
5,yes,elev,gr,gr,9,P,10,16,100,0,7,705
5,yes,elev,gr,gr,10,N,8,7,100,0,0,706
5,yes,elev,gr,gr,10,S,2,12,100,0,18,707
5,yes,elev,gr,gr,10,P,2,0,100,0,0,708
5,yes,elev,N,open,6,N,0,66,100,0,488,709
5,yes,elev,N,open,6,S,2,31,100,0,58,710
5,yes,elev,N,open,6,P,3,36,100,0,0,711
5,yes,elev,N,open,7,N,0,95,100,0,34,712
5,yes,elev,N,open,7,S,0,15,100,0,109,713
5,yes,elev,N,open,7,P,2,65,100,0,189,714
5,yes,elev,N,open,8,N,0,28,100,0,39,715
5,yes,elev,N,open,8,S,0,52,100,0,161,716
5,yes,elev,N,open,8,P,11,58,100,0,118,717
5,yes,elev,N,open,9,N,0,19,100,0,3,718
5,yes,elev,N,open,9,S,0,26,100,0,117,719
5,yes,elev,N,open,9,P,7,28,100,0,22,720
5,yes,elev,N,open,10,N,4,17,100,0,102,721
5,yes,elev,N,open,10,S,8,47,100,0,210,722
5,yes,elev,N,open,10,P,9,80,100,0,108,723
5,yes,elev,S,open,6,N,0,30,100,0,62,724
5,yes,elev,S,open,6,S,0,32,100,0,63,725
5,yes,elev,S,open,6,P,4,68,100,0,72,726
5,yes,elev,S,open,7,N,0,31,100,0,48,727
5,yes,elev,S,open,7,S,0,11,100,0,14,728
5,yes,elev,S,open,7,P,6,38,100,0,4,729
5,yes,elev,S,open,8,N,0,21,100,0,88,730
5,yes,elev,S,open,8,S,0,56,100,0,133,731
5,yes,elev,S,open,8,P,0,29,100,0,0,732
5,yes,elev,S,open,9,N,0,30,100,0,19,733
5,yes,elev,S,open,9,S,11,5,100,0,0,734
5,yes,elev,S,open,9,P,5,41,100,0,3,735
5,yes,elev,S,open,10,N,0,71,100,0,88,736
5,yes,elev,S,open,10,S,14,2,100,0,0,737
5,yes,elev,S,open,10,P,0,5,100,0,4,738
5,yes,elev,gr,gr,11,N,0,20,100,0,59,739
5,yes,elev,gr,gr,11,S,0,45,100,0,187,740
5,yes,elev,gr,gr,11,P,8,65,100,0,106,741
5,yes,elev,gr,gr,12,N,0,64,100,0,219,742
5,yes,elev,gr,gr,12,S,7,65,100,0,290,743
5,yes,elev,gr,gr,12,P,0,29,100,0,0,744
5,yes,elev,gr,gr,13,N,0,21,100,0,94,745
5,yes,elev,gr,gr,13,S,8,12,100,0,4,746
5,yes,elev,gr,gr,13,P,20,40,100,0,31,747
5,yes,elev,gr,gr,14,N,2,6,100,0,56,748
5,yes,elev,gr,gr,14,S,0,33,100,0,72,749
5,yes,elev,gr,gr,14,P,11,33,100,0,14,750
5,yes,elev,gr,gr,15,N,0,29,100,0,17,751
5,yes,elev,gr,gr,15,S,0,43,100,0,61,752
5,yes,elev,gr,gr,15,P,0,71,100,0,43,753
5,yes,elev,N,open,11,N,11,68,100,0,261,754
5,yes,elev,N,open,11,S,0,59,100,0,194,755
5,yes,elev,N,open,11,P,22,23,100,0,19,756
5,yes,elev,N,open,12,N,15,17,100,0,114,757
5,yes,elev,N,open,12,S,12,47,100,0,428,758
5,yes,elev,N,open,12,P,8,57,100,0,153,759
5,yes,elev,N,open,13,N,0,35,100,0,121,760
5,yes,elev,N,open,13,S,0,65,100,0,156,761
5,yes,elev,N,open,13,P,0,12,100,0,0,762
5,yes,elev,N,open,14,N,0,69,100,0,112,763
5,yes,elev,N,open,14,S,2,29,100,0,37,764
5,yes,elev,N,open,14,P,9,62,100,0,38,765
5,yes,elev,N,open,15,N,0,7,100,0,92,766
5,yes,elev,N,open,15,S,0,67,100,0,88,767
5,yes,elev,N,open,15,P,0,60,100,0,270,768
5,yes,elev,S,open,11,N,0,48,100,0,111,769
5,yes,elev,S,open,11,S,0,8,100,0,12,770
5,yes,elev,S,open,11,P,0,45,100,0,33,771
5,yes,elev,S,open,12,N,0,67,100,0,297,772
5,yes,elev,S,open,12,S,0,48,100,0,110,773
5,yes,elev,S,open,12,P,0,58,100,0,19,774
5,yes,elev,S,open,13,N,14,36,100,0,53,775
5,yes,elev,S,open,13,S,0,48,100,0,243,776
5,yes,elev,S,open,13,P,0,50,100,0,34,777
5,yes,elev,S,open,14,N,4,10,100,0,0,778
5,yes,elev,S,open,14,S,18,5,100,0,22,779
5,yes,elev,S,open,14,P,0,29,100,0,6,780
5,yes,elev,S,open,15,N,13,31,100,0,49,781
5,yes,elev,S,open,15,S,12,60,100,0,240,782
5,yes,elev,S,open,15,P,2,76,100,0,69,783
5,yes,elev,gr,gr,16,N,0,48,100,0,49,784
5,yes,elev,gr,gr,16,S,0,10,100,0,0,785
5,yes,elev,gr,gr,16,P,4,37,100,0,46,786
5,yes,elev,gr,gr,17,N,0,43,100,0,91,787
5,yes,elev,gr,gr,17,S,0,57,100,0,85,788
5,yes,elev,gr,gr,17,P,2,8,100,0,0,789
5,yes,elev,gr,gr,18,N,0,27,100,0,54,790
5,yes,elev,gr,gr,18,S,0,34,100,0,0,791
5,yes,elev,gr,gr,18,P,0,0,100,0,0,792
5,yes,elev,gr,gr,19,N,0,34,100,0,21,793
5,yes,elev,gr,gr,19,S,0,33,100,0,0,794
5,yes,elev,gr,gr,19,P,0,13,100,0,0,795
5,yes,elev,gr,gr,20,N,0,16,100,0,0,796
5,yes,elev,gr,gr,20,S,10,81,100,0,0,797
5,yes,elev,gr,gr,20,P,0,52,100,0,22,798
5,yes,elev,N,open,16,N,0,58,100,0,105,799
5,yes,elev,N,open,16,S,6,69,100,0,167,800
5,yes,elev,N,open,16,P,3,4,100,0,0,801
5,yes,elev,N,open,17,N,0,36,100,0,95,802
5,yes,elev,N,open,17,S,0,70,100,0,99,803
5,yes,elev,N,open,17,P,0,12,100,0,1,804
5,yes,elev,N,open,18,N,8,13,100,0,0,805
5,yes,elev,N,open,18,S,0,58,100,0,83,806
5,yes,elev,N,open,18,P,5,15,100,0,1,807
5,yes,elev,N,open,19,N,0,77,100,0,39,808
5,yes,elev,N,open,19,S,0,24,100,0,51,809
5,yes,elev,N,open,19,P,33,44,100,0,0,810
5,yes,elev,N,open,20,N,0,32,100,0,36,811
5,yes,elev,N,open,20,S,21,38,100,0,95,812
5,yes,elev,N,open,20,P,63,18,100,0,0,813
5,yes,elev,S,open,16,N,8,13,100,1,52,814
5,yes,elev,S,open,16,S,0,39,100,0,37,815
5,yes,elev,S,open,16,P,0,4,100,0,0,816
5,yes,elev,S,open,17,N,0,52,100,0,98,817
5,yes,elev,S,open,17,S,0,53,100,0,102,818
5,yes,elev,S,open,17,P,0,2,100,0,0,819
5,yes,elev,S,open,18,N,11,26,100,1,25,820
5,yes,elev,S,open,18,S,0,33,100,0,40,821
5,yes,elev,S,open,18,P,3,0,100,0,0,822
5,yes,elev,S,open,19,N,0,24,100,0,22,823
5,yes,elev,S,open,19,S,1,57,100,0,37,824
5,yes,elev,S,open,19,P,7,6,100,0,0,825
5,yes,elev,S,open,20,N,0,49,100,0,11,826
5,yes,elev,S,open,20,S,0,35,100,0,60,827
5,yes,elev,S,open,20,P,15,13,100,0,14,828
6,no,elev,gr,gr,1,N,0,34,100,0,1,829
6,no,elev,gr,gr,1,S,0,35,100,0,6,830
6,no,elev,gr,gr,1,P,0,70,100,0,37,831
6,no,elev,gr,gr,2,N,0,42,100,0,3,832
6,no,elev,gr,gr,2,S,0,23,100,0,0,833
6,no,elev,gr,gr,2,P,0,58,100,0,22,834
6,no,elev,gr,gr,3,N,0,8,100,0,4,835
6,no,elev,gr,gr,3,S,0,11,100,0,0,836
6,no,elev,gr,gr,3,P,13,43,100,9,28,837
6,no,elev,gr,gr,4,N,0,80,100,0,46,838
6,no,elev,gr,gr,4,S,0,26,100,0,2,839
6,no,elev,gr,gr,4,P,0,89,100,0,11,840
6,no,elev,gr,gr,5,N,6,41,100,0,8,841
6,no,elev,gr,gr,5,S,0,8,100,0,25,842
6,no,elev,gr,gr,5,P,0,35,100,0,0,843
6,no,elev,N,open,1,N,0,96,100,0,271,844
6,no,elev,N,open,1,S,0,51,100,0,24,845
6,no,elev,N,open,1,P,0,37,100,0,0,846
6,no,elev,N,open,2,N,6,37,100,0,22,847
6,no,elev,N,open,2,S,4,63,100,0,70,848
6,no,elev,N,open,2,P,0,55,100,0,4,849
6,no,elev,N,open,3,N,3,80,100,0,63,850
6,no,elev,N,open,3,S,6,74,100,0,137,851
6,no,elev,N,open,3,P,0,55,100,0,14,852
6,no,elev,N,open,4,N,0,93,100,0,237,853
6,no,elev,N,open,4,S,0,71,100,0,164,854
6,no,elev,N,open,4,P,0,92,100,0,18,855
6,no,elev,N,open,5,N,7,38,100,0,42,856
6,no,elev,N,open,5,S,0,55,100,0,19,857
6,no,elev,N,open,5,P,0,81,100,0,37,858
6,no,elev,S,open,1,N,0,7,100,0,7,859
6,no,elev,S,open,1,S,0,35,100,0,31,860
6,no,elev,S,open,1,P,0,42,100,0,13,861
6,no,elev,S,open,2,N,0,16,100,0,0,862
6,no,elev,S,open,2,S,0,36,100,0,68,863
6,no,elev,S,open,2,P,0,37,100,0,0,864
6,no,elev,S,open,3,N,0,89,100,0,20,865
6,no,elev,S,open,3,S,0,32,100,0,19,866
6,no,elev,S,open,3,P,0,21,100,0,0,867
6,no,elev,S,open,4,N,6,48,100,0,122,868
6,no,elev,S,open,4,S,0,42,100,0,8,869
6,no,elev,S,open,4,P,0,39,100,0,16,870
6,no,elev,S,open,5,N,0,83,100,0,0,871
6,no,elev,S,open,5,S,0,49,100,0,47,872
6,no,elev,S,open,5,P,0,50,100,0,0,873
6,no,elev,gr,gr,6,N,2,22,100,0,1,874
6,no,elev,gr,gr,6,S,0,13,100,0,28,875
6,no,elev,gr,gr,6,P,0,54,100,0,48,876
6,no,elev,gr,gr,7,N,14,62,100,0,39,877
6,no,elev,gr,gr,7,S,7,36,100,0,1,878
6,no,elev,gr,gr,7,P,0,42,100,0,26,879
6,no,elev,gr,gr,8,N,16,48,100,0,7,880
6,no,elev,gr,gr,8,S,0,42,100,0,5,881
6,no,elev,gr,gr,8,P,0,59,100,0,9,882
6,no,elev,gr,gr,9,N,4,75,100,0,16,883
6,no,elev,gr,gr,9,S,0,16,100,0,5,884
6,no,elev,gr,gr,9,P,1,66,100,0,22,885
6,no,elev,gr,gr,10,N,24,42,100,0,25,886
6,no,elev,gr,gr,10,S,17,49,100,1,19,887
6,no,elev,gr,gr,10,P,3,63,100,0,9,888
6,no,elev,N,open,6,N,4,23,100,0,2,889
6,no,elev,N,open,6,S,1,30,100,0,0,890
6,no,elev,N,open,6,P,0,36,100,0,2,891
6,no,elev,N,open,7,N,0,28,100,0,0,892
6,no,elev,N,open,7,S,0,47,100,0,0,893
6,no,elev,N,open,7,P,1,34,100,0,0,894
6,no,elev,N,open,8,N,15,29,100,0,4,895
6,no,elev,N,open,8,S,11,19,100,0,0,896
6,no,elev,N,open,8,P,0,46,100,0,0,897
6,no,elev,N,open,9,N,5,40,100,0,0,898
6,no,elev,N,open,9,S,1,41,100,0,11,899
6,no,elev,N,open,9,P,0,35,100,0,0,900
6,no,elev,N,open,10,N,4,69,100,0,16,901
6,no,elev,N,open,10,S,4,62,100,0,2,902
6,no,elev,N,open,10,P,3,42,100,0,0,903
6,no,elev,S,open,6,N,0,6,100,0,0,904
6,no,elev,S,open,6,S,7,33,100,0,15,905
6,no,elev,S,open,6,P,0,3,100,0,0,906
6,no,elev,S,open,7,N,4,36,100,0,9,907
6,no,elev,S,open,7,S,0,6,100,0,8,908
6,no,elev,S,open,7,P,1,50,100,0,0,909
6,no,elev,S,open,8,N,6,64,100,0,4,910
6,no,elev,S,open,8,S,0,37,100,0,2,911
6,no,elev,S,open,8,P,0,26,100,0,0,912
6,no,elev,S,open,9,N,1,66,100,0,34,913
6,no,elev,S,open,9,S,0,21,100,0,4,914
6,no,elev,S,open,9,P,2,27,100,0,1,915
6,no,elev,S,open,10,N,9,56,100,0,89,916
6,no,elev,S,open,10,S,6,73,100,0,8,917
6,no,elev,S,open,10,P,0,55,100,0,1,918
6,no,elev,gr,gr,11,N,16,67,100,0,30,919
6,no,elev,gr,gr,11,S,1,72,100,0,19,920
6,no,elev,gr,gr,11,P,3,60,100,0,20,921
6,no,elev,gr,gr,12,N,0,48,100,0,0,922
6,no,elev,gr,gr,12,S,0,7,100,0,0,923
6,no,elev,gr,gr,12,P,0,62,100,0,31,924
6,no,elev,gr,gr,13,N,3,0,100,0,0,925
6,no,elev,gr,gr,13,S,0,15,100,0,0,926
6,no,elev,gr,gr,13,P,0,14,100,0,0,927
6,no,elev,gr,gr,14,N,0,65,100,0,16,928
6,no,elev,gr,gr,14,S,2,55,100,0,2,929
6,no,elev,gr,gr,14,P,2,59,100,0,13,930
6,no,elev,gr,gr,15,N,0,68,100,0,6,931
6,no,elev,gr,gr,15,S,0,30,100,0,26,932
6,no,elev,gr,gr,15,P,8,18,100,0,0,933
6,no,elev,N,open,11,N,0,0,100,0,0,934
6,no,elev,N,open,11,S,0,0,100,0,0,935
6,no,elev,N,open,11,P,0,0,100,0,0,936
6,no,elev,N,open,12,N,9,0,100,0,0,937
6,no,elev,N,open,12,S,10,0,100,0,0,938
6,no,elev,N,open,12,P,8,0,100,0,0,939
6,no,elev,N,open,13,N,1,0,100,0,0,940
6,no,elev,N,open,13,S,0,0,100,0,0,941
6,no,elev,N,open,13,P,14,0,100,0,0,942
6,no,elev,N,open,14,N,17,58,100,5,0,943
6,no,elev,N,open,14,S,0,0,100,0,0,944
6,no,elev,N,open,14,P,0,0,100,0,0,945
6,no,elev,N,open,15,N,9,48,100,0,15,946
6,no,elev,N,open,15,S,7,67,100,0,125,947
6,no,elev,N,open,15,P,12,48,100,0,0,948
6,no,elev,S,open,11,N,17,58,100,0,4,949
6,no,elev,S,open,11,S,0,57,100,0,10,950
6,no,elev,S,open,11,P,3,27,100,0,0,951
6,no,elev,S,open,12,N,8,55,100,0,68,952
6,no,elev,S,open,12,S,0,17,100,0,1,953
6,no,elev,S,open,12,P,0,11,100,0,0,954
6,no,elev,S,open,13,N,0,51,100,0,2,955
6,no,elev,S,open,13,S,3,18,100,0,0,956
6,no,elev,S,open,13,P,0,27,100,0,0,957
6,no,elev,S,open,14,N,0,36,100,0,4,958
6,no,elev,S,open,14,S,21,53,100,0,3,959
6,no,elev,S,open,14,P,0,25,100,0,0,960
6,no,elev,S,open,15,N,4,88,100,0,5,961
6,no,elev,S,open,15,S,0,67,100,0,3,962
6,no,elev,S,open,15,P,0,46,100,0,0,963
6,no,elev,gr,gr,16,N,2,34,100,4,1,964
6,no,elev,gr,gr,16,S,2,46,100,0,0,965
6,no,elev,gr,gr,16,P,5,43,100,0,0,966
6,no,elev,gr,gr,17,N,4,7,100,0,7,967
6,no,elev,gr,gr,17,S,12,18,100,0,4,968
6,no,elev,gr,gr,17,P,7,22,100,0,2,969
6,no,elev,gr,gr,18,N,4,43,100,0,15,970
6,no,elev,gr,gr,18,S,3,15,100,0,4,971
6,no,elev,gr,gr,18,P,5,39,100,0,0,972
6,no,elev,gr,gr,19,N,8,52,100,1,0,973
6,no,elev,gr,gr,19,S,3,49,100,0,0,974
6,no,elev,gr,gr,19,P,5,42,100,0,0,975
6,no,elev,gr,gr,20,N,7,22,100,0,0,976
6,no,elev,gr,gr,20,S,0,4,100,0,0,977
6,no,elev,gr,gr,20,P,0,16,100,0,0,978
6,no,elev,N,open,16,N,0,25,100,0,0,979
6,no,elev,N,open,16,S,0,62,100,0,4,980
6,no,elev,N,open,16,P,0,15,100,0,0,981
6,no,elev,N,open,17,N,0,34,100,0,0,982
6,no,elev,N,open,17,S,2,43,100,0,0,983
6,no,elev,N,open,17,P,0,44,100,0,0,984
6,no,elev,N,open,18,N,2,23,100,0,0,985
6,no,elev,N,open,18,S,6,7,100,0,0,986
6,no,elev,N,open,18,P,0,0,100,0,0,987
6,no,elev,N,open,19,N,0,14,100,0,0,988
6,no,elev,N,open,19,S,3,39,100,0,0,989
6,no,elev,N,open,19,P,0,51,100,0,0,990
6,no,elev,N,open,20,N,0,15,100,0,0,991
6,no,elev,N,open,20,S,0,29,100,0,0,992
6,no,elev,N,open,20,P,0,4,100,0,0,993
6,no,elev,S,open,16,N,2,34,100,0,14,994
6,no,elev,S,open,16,S,0,15,100,0,0,995
6,no,elev,S,open,16,P,0,37,100,0,0,996
6,no,elev,S,open,17,N,9,32,100,0,5,997
6,no,elev,S,open,17,S,0,38,100,0,0,998
6,no,elev,S,open,17,P,0,19,100,0,0,999
6,no,elev,S,open,18,N,10,78,100,0,7,1000
6,no,elev,S,open,18,S,12,7,100,0,22,1001
6,no,elev,S,open,18,P,3,53,100,0,19,1002
6,no,elev,S,open,19,N,0,28,100,0,0,1003
6,no,elev,S,open,19,S,0,26,100,0,10,1004
6,no,elev,S,open,19,P,5,35,100,0,0,1005
6,no,elev,S,open,20,N,19,73,100,3,1,1006
6,no,elev,S,open,20,S,3,3,100,0,0,1007
6,no,elev,S,open,20,P,0,54,100,0,0,1008
9,no,elev,gr,gr,1,N,16,23,100,0,9,1009
9,no,elev,gr,gr,1,S,25,26,100,2,0,1010
9,no,elev,gr,gr,1,P,22,56,100,0,44,1011
9,no,elev,gr,gr,2,N,25,70,100,1,32,1012
9,no,elev,gr,gr,2,S,43,42,100,3,42,1013
9,no,elev,gr,gr,2,P,42,61,100,5,15,1014
9,no,elev,gr,gr,3,N,21,42,100,3,13,1015
9,no,elev,gr,gr,3,S,2,44,100,0,12,1016
9,no,elev,gr,gr,3,P,39,31,100,1,30,1017
9,no,elev,gr,gr,4,N,14,67,100,0,2,1018
9,no,elev,gr,gr,4,S,25,47,100,0,65,1019
9,no,elev,gr,gr,4,P,31,42,100,0,58,1020
9,no,elev,gr,gr,5,N,21,54,100,3,4,1021
9,no,elev,gr,gr,5,S,23,44,100,0,0,1022
9,no,elev,gr,gr,5,P,54,47,100,0,5,1023
9,no,elev,N,open,1,N,26,5,100,0,12,1024
9,no,elev,N,open,1,S,33,34,100,0,83,1025
9,no,elev,N,open,1,P,0,47,100,0,9,1026
9,no,elev,N,open,2,N,15,34,100,0,116,1027
9,no,elev,N,open,2,S,29,9,100,0,39,1028
9,no,elev,N,open,2,P,0,40,100,0,1,1029
9,no,elev,N,open,3,N,24,51,100,0,76,1030
9,no,elev,N,open,3,S,59,17,100,0,52,1031
9,no,elev,N,open,3,P,7,49,100,0,3,1032
9,no,elev,N,open,4,N,25,46,100,0,66,1033
9,no,elev,N,open,4,S,37,47,100,0,55,1034
9,no,elev,N,open,4,P,4,47,100,0,12,1035
9,no,elev,N,open,5,N,6,54,100,0,9,1036
9,no,elev,N,open,5,S,16,41,100,0,11,1037
9,no,elev,N,open,5,P,17,53,100,0,9,1038
9,no,elev,S,open,1,N,29,51,100,3,82,1039
9,no,elev,S,open,1,S,8,75,100,2,25,1040
9,no,elev,S,open,1,P,22,31,100,0,16,1041
9,no,elev,S,open,2,N,38,77,100,5,104,1042
9,no,elev,S,open,2,S,34,40,100,0,64,1043
9,no,elev,S,open,2,P,35,58,100,0,101,1044
9,no,elev,S,open,3,N,48,27,100,16,61,1045
9,no,elev,S,open,3,S,14,30,100,0,43,1046
9,no,elev,S,open,3,P,4,66,100,0,42,1047
9,no,elev,S,open,4,N,72,61,100,11,78,1048
9,no,elev,S,open,4,S,37,55,100,8,66,1049
9,no,elev,S,open,4,P,17,65,100,0,58,1050
9,no,elev,S,open,5,N,22,32,100,20,108,1051
9,no,elev,S,open,5,S,16,26,100,0,48,1052
9,no,elev,S,open,5,P,8,54,100,0,11,1053
9,no,elev,gr,gr,6,N,8,17,100,0,7,1054
9,no,elev,gr,gr,6,S,0,46,100,0,0,1055
9,no,elev,gr,gr,6,P,39,30,100,6,59,1056
9,no,elev,gr,gr,7,N,6,6,100,0,10,1057
9,no,elev,gr,gr,7,S,0,0,100,0,0,1058
9,no,elev,gr,gr,7,P,10,7,100,0,3,1059
9,no,elev,gr,gr,8,N,12,65,100,0,39,1060
9,no,elev,gr,gr,8,S,0,54,100,0,107,1061
9,no,elev,gr,gr,8,P,0,41,100,0,98,1062
9,no,elev,gr,gr,9,N,27,54,100,4,31,1063
9,no,elev,gr,gr,9,S,11,65,100,0,36,1064
9,no,elev,gr,gr,9,P,18,16,100,0,0,1065
9,no,elev,gr,gr,10,N,20,63,100,10,82,1066
9,no,elev,gr,gr,10,S,23,54,100,1,76,1067
9,no,elev,gr,gr,10,P,29,67,100,0,0,1068
9,no,elev,N,open,6,N,7,61,100,0,65,1069
9,no,elev,N,open,6,S,0,39,100,0,23,1070
9,no,elev,N,open,6,P,0,45,100,0,1,1071
9,no,elev,N,open,7,N,4,47,100,0,23,1072
9,no,elev,N,open,7,S,26,6,100,0,11,1073
9,no,elev,N,open,7,P,0,41,100,0,2,1074
9,no,elev,N,open,8,N,11,43,100,0,174,1075
9,no,elev,N,open,8,S,15,46,100,0,154,1076
9,no,elev,N,open,8,P,0,18,100,0,0,1077
9,no,elev,N,open,9,N,31,73,100,1,70,1078
9,no,elev,N,open,9,S,20,91,100,1,184,1079
9,no,elev,N,open,9,P,0,54,100,0,6,1080
9,no,elev,N,open,10,N,21,37,100,0,87,1081
9,no,elev,N,open,10,S,35,45,100,0,4,1082
9,no,elev,N,open,10,P,2,37,100,0,0,1083
9,no,elev,S,open,6,N,9,81,100,0,203,1084
9,no,elev,S,open,6,S,9,55,100,0,26,1085
9,no,elev,S,open,6,P,10,13,100,0,2,1086
9,no,elev,S,open,7,N,3,64,100,0,161,1087
9,no,elev,S,open,7,S,12,91,100,4,289,1088
9,no,elev,S,open,7,P,6,44,100,0,12,1089
9,no,elev,S,open,8,N,4,98,100,19,76,1090
9,no,elev,S,open,8,S,8,49,100,7,283,1091
9,no,elev,S,open,8,P,16,13,100,0,55,1092
9,no,elev,S,open,9,N,7,66,100,0,30,1093
9,no,elev,S,open,9,S,22,37,100,0,2,1094
9,no,elev,S,open,9,P,42,42,100,0,76,1095
9,no,elev,S,open,10,N,14,54,100,3,134,1096
9,no,elev,S,open,10,S,26,57,100,9,44,1097
9,no,elev,S,open,10,P,19,31,100,0,6,1098
9,no,elev,gr,gr,11,N,13,54,100,1,33,1099
9,no,elev,gr,gr,11,S,2,53,100,3,43,1100
9,no,elev,gr,gr,11,P,22,43,100,0,22,1101
9,no,elev,gr,gr,12,N,14,77,100,5,54,1102
9,no,elev,gr,gr,12,S,5,36,100,0,13,1103
9,no,elev,gr,gr,12,P,21,96,100,0,107,1104
9,no,elev,gr,gr,13,N,11,60,100,5,34,1105
9,no,elev,gr,gr,13,S,11,19,100,4,4,1106
9,no,elev,gr,gr,13,P,41,68,100,1,44,1107
9,no,elev,gr,gr,14,N,20,58,100,9,30,1108
9,no,elev,gr,gr,14,S,22,58,100,2,8,1109
9,no,elev,gr,gr,14,P,24,6,100,8,0,1110
9,no,elev,gr,gr,15,N,13,84,100,1,71,1111
9,no,elev,gr,gr,15,S,28,44,100,5,33,1112
9,no,elev,gr,gr,15,P,20,76,100,4,94,1113
9,no,elev,N,open,11,N,15,86,100,4,184,1114
9,no,elev,N,open,11,S,6,34,100,0,54,1115
9,no,elev,N,open,11,P,9,25,100,0,16,1116
9,no,elev,N,open,12,N,26,51,100,0,82,1117
9,no,elev,N,open,12,S,7,36,100,0,19,1118
9,no,elev,N,open,12,P,1,9,100,0,0,1119
9,no,elev,N,open,13,N,9,36,100,0,17,1120
9,no,elev,N,open,13,S,13,37,100,0,5,1121
9,no,elev,N,open,13,P,1,16,100,0,0,1122
9,no,elev,N,open,14,N,7,55,100,0,47,1123
9,no,elev,N,open,14,S,26,44,100,0,114,1124
9,no,elev,N,open,14,P,9,34,100,0,0,1125
9,no,elev,N,open,15,N,6,50,100,0,37,1126
9,no,elev,N,open,15,S,13,6,100,0,0,1127
9,no,elev,N,open,15,P,0,45,100,0,5,1128
9,no,elev,S,open,11,N,47,16,100,8,0,1129
9,no,elev,S,open,11,S,8,22,100,0,15,1130
9,no,elev,S,open,11,P,5,61,100,0,8,1131
9,no,elev,S,open,12,N,11,50,100,0,51,1132
9,no,elev,S,open,12,S,32,59,100,0,142,1133
9,no,elev,S,open,12,P,5,37,100,0,11,1134
9,no,elev,S,open,13,N,7,68,100,0,150,1135
9,no,elev,S,open,13,S,0,33,100,0,54,1136
9,no,elev,S,open,13,P,0,21,100,0,6,1137
9,no,elev,S,open,14,N,20,27,100,0,12,1138
9,no,elev,S,open,14,S,19,31,100,8,48,1139
9,no,elev,S,open,14,P,4,67,100,0,9,1140
9,no,elev,S,open,15,N,18,88,100,8,145,1141
9,no,elev,S,open,15,S,10,37,100,5,58,1142
9,no,elev,S,open,15,P,11,25,100,0,0,1143
9,no,elev,gr,gr,16,N,21,13,100,0,0,1144
9,no,elev,gr,gr,16,S,0,0,100,0,0,1145
9,no,elev,gr,gr,16,P,24,49,100,2,12,1146
9,no,elev,gr,gr,17,N,0,28,100,0,4,1147
9,no,elev,gr,gr,17,S,5,14,100,8,0,1148
9,no,elev,gr,gr,17,P,15,48,100,4,47,1149
9,no,elev,gr,gr,18,N,20,22,100,1,0,1150
9,no,elev,gr,gr,18,S,4,15,100,2,3,1151
9,no,elev,gr,gr,18,P,4,34,100,2,1,1152
9,no,elev,gr,gr,19,N,54,32,100,11,17,1153
9,no,elev,gr,gr,19,S,20,11,100,6,5,1154
9,no,elev,gr,gr,19,P,68,6,100,0,0,1155
9,no,elev,gr,gr,20,N,32,24,100,16,0,1156
9,no,elev,gr,gr,20,S,3,6,100,0,0,1157
9,no,elev,gr,gr,20,P,30,23,100,1,0,1158
9,no,elev,N,open,16,N,18,10,100,0,3,1159
9,no,elev,N,open,16,S,22,16,100,0,19,1160
9,no,elev,N,open,16,P,3,9,100,0,0,1161
9,no,elev,N,open,17,N,5,92,100,0,152,1162
9,no,elev,N,open,17,S,24,17,100,1,49,1163
9,no,elev,N,open,17,P,0,59,100,0,9,1164
9,no,elev,N,open,18,N,6,89,100,0,9,1165
9,no,elev,N,open,18,S,18,25,100,0,5,1166
9,no,elev,N,open,18,P,0,34,100,0,6,1167
9,no,elev,N,open,19,N,73,53,100,0,109,1168
9,no,elev,N,open,19,S,29,43,100,0,79,1169
9,no,elev,N,open,19,P,20,27,100,0,12,1170
9,no,elev,N,open,20,N,27,85,100,0,304,1171
9,no,elev,N,open,20,S,24,47,100,2,15,1172
9,no,elev,N,open,20,P,18,47,100,0,10,1173
9,no,elev,S,open,16,N,5,38,100,0,25,1174
9,no,elev,S,open,16,S,0,79,100,0,7,1175
9,no,elev,S,open,16,P,0,32,100,0,10,1176
9,no,elev,S,open,17,N,17,58,100,0,47,1177
9,no,elev,S,open,17,S,5,44,100,0,62,1178
9,no,elev,S,open,17,P,14,28,100,0,12,1179
9,no,elev,S,open,18,N,22,9,100,0,0,1180
9,no,elev,S,open,18,S,10,9,100,0,9,1181
9,no,elev,S,open,18,P,0,15,100,0,0,1182
9,no,elev,S,open,19,N,38,63,100,0,32,1183
9,no,elev,S,open,19,S,7,66,100,0,15,1184
9,no,elev,S,open,19,P,24,52,100,0,0,1185
9,no,elev,S,open,20,N,37,75,100,0,63,1186
9,no,elev,S,open,20,S,61,67,100,0,97,1187
9,no,elev,S,open,20,P,28,69,100,0,21,1188
11,yes,elev,gr,gr,1,N,0,0,100,0,0,1189
11,yes,elev,gr,gr,1,S,0,0,100,0,0,1190
11,yes,elev,gr,gr,1,P,0,0,100,0,0,1191
11,yes,elev,gr,gr,2,N,0,0,100,0,0,1192
11,yes,elev,gr,gr,2,S,0,0,100,0,0,1193
11,yes,elev,gr,gr,2,P,0,0,100,0,0,1194
11,yes,elev,gr,gr,3,N,0,0,100,0,0,1195
11,yes,elev,gr,gr,3,S,0,0,100,0,0,1196
11,yes,elev,gr,gr,3,P,14,28,100,0,18,1197
11,yes,elev,gr,gr,4,N,0,42,100,0,3,1198
11,yes,elev,gr,gr,4,S,0,7,100,0,0,1199
11,yes,elev,gr,gr,4,P,3,13,100,0,0,1200
11,yes,elev,gr,gr,5,N,0,42,100,0,0,1201
11,yes,elev,gr,gr,5,S,3,74,100,0,70,1202
11,yes,elev,gr,gr,5,P,30,53,100,0,4,1203
11,yes,elev,N,open,1,N,15,47,100,0,37,1204
11,yes,elev,N,open,1,S,7,42,100,0,156,1205
11,yes,elev,N,open,1,P,8,42,100,0,13,1206
11,yes,elev,N,open,2,N,0,49,100,0,65,1207
11,yes,elev,N,open,2,S,7,52,100,0,100,1208
11,yes,elev,N,open,2,P,28,10,100,0,0,1209
11,yes,elev,N,open,3,N,6,48,100,0,21,1210
11,yes,elev,N,open,3,S,2,34,100,0,47,1211
11,yes,elev,N,open,3,P,5,35,100,0,0,1212
11,yes,elev,N,open,4,N,33,17,100,0,0,1213
11,yes,elev,N,open,4,S,30,22,100,0,11,1214
11,yes,elev,N,open,4,P,18,24,100,0,0,1215
11,yes,elev,N,open,5,N,11,72,100,0,42,1216
11,yes,elev,N,open,5,S,14,50,100,0,61,1217
11,yes,elev,N,open,5,P,14,31,100,0,0,1218
11,yes,elev,S,open,1,N,0,0,100,0,0,1219
11,yes,elev,S,open,1,S,0,0,100,0,0,1220
11,yes,elev,S,open,1,P,7,0,100,0,0,1221
11,yes,elev,S,open,2,N,11,25,100,0,20,1222
11,yes,elev,S,open,2,S,0,50,100,0,39,1223
11,yes,elev,S,open,2,P,2,36,100,0,8,1224
11,yes,elev,S,open,3,N,0,58,100,0,65,1225
11,yes,elev,S,open,3,S,8,39,100,0,84,1226
11,yes,elev,S,open,3,P,4,23,100,0,15,1227
11,yes,elev,S,open,4,N,18,49,100,0,69,1228
11,yes,elev,S,open,4,S,4,64,100,0,236,1229
11,yes,elev,S,open,4,P,5,28,100,0,0,1230
11,yes,elev,S,open,5,N,4,69,100,0,16,1231
11,yes,elev,S,open,5,S,0,63,100,0,207,1232
11,yes,elev,S,open,5,P,21,7,100,0,0,1233
11,yes,elev,gr,gr,6,N,6,13,100,0,0,1234
11,yes,elev,gr,gr,6,S,0,39,100,0,62,1235
11,yes,elev,gr,gr,6,P,22,52,100,0,14,1236
11,yes,elev,gr,gr,7,N,0,21,100,0,24,1237
11,yes,elev,gr,gr,7,S,0,41,100,0,9,1238
11,yes,elev,gr,gr,7,P,4,59,100,0,19,1239
11,yes,elev,gr,gr,8,N,0,22,100,0,43,1240
11,yes,elev,gr,gr,8,S,18,0,100,0,0,1241
11,yes,elev,gr,gr,8,P,0,92,100,0,132,1242
11,yes,elev,gr,gr,9,N,0,3,100,0,0,1243
11,yes,elev,gr,gr,9,S,0,1,100,0,0,1244
11,yes,elev,gr,gr,9,P,0,56,100,0,5,1245
11,yes,elev,gr,gr,10,N,0,67,100,0,34,1246
11,yes,elev,gr,gr,10,S,0,30,100,0,0,1247
11,yes,elev,gr,gr,10,P,9,60,100,0,9,1248
11,yes,elev,N,open,6,N,0,31,100,0,68,1249
11,yes,elev,N,open,6,S,0,58,100,0,87,1250
11,yes,elev,N,open,6,P,15,4,100,0,0,1251
11,yes,elev,N,open,7,N,0,21,100,0,19,1252
11,yes,elev,N,open,7,S,0,42,100,0,28,1253
11,yes,elev,N,open,7,P,0,11,100,0,0,1254
11,yes,elev,N,open,8,N,12,36,100,0,9,1255
11,yes,elev,N,open,8,S,0,33,100,0,2,1256
11,yes,elev,N,open,8,P,0,37,100,0,0,1257
11,yes,elev,N,open,9,N,12,42,100,0,16,1258
11,yes,elev,N,open,9,S,0,59,100,0,23,1259
11,yes,elev,N,open,9,P,0,42,100,0,0,1260
11,yes,elev,N,open,10,N,0,73,100,0,71,1261
11,yes,elev,N,open,10,S,0,57,100,0,61,1262
11,yes,elev,N,open,10,P,4,47,100,0,0,1263
11,yes,elev,S,open,6,N,3,17,100,0,19,1264
11,yes,elev,S,open,6,S,17,15,100,0,86,1265
11,yes,elev,S,open,6,P,26,9,100,0,4,1266
11,yes,elev,S,open,7,N,10,28,100,0,146,1267
11,yes,elev,S,open,7,S,0,22,100,0,20,1268
11,yes,elev,S,open,7,P,1,10,100,0,0,1269
11,yes,elev,S,open,8,N,0,32,100,0,158,1270
11,yes,elev,S,open,8,S,0,4,100,0,13,1271
11,yes,elev,S,open,8,P,11,15,100,0,17,1272
11,yes,elev,S,open,9,N,18,49,100,1,8,1273
11,yes,elev,S,open,9,S,0,18,100,0,62,1274
11,yes,elev,S,open,9,P,5,33,100,0,0,1275
11,yes,elev,S,open,10,N,10,10,100,0,5,1276
11,yes,elev,S,open,10,S,0,26,100,0,38,1277
11,yes,elev,S,open,10,P,9,25,100,0,4,1278
11,yes,elev,gr,gr,11,N,0,63,100,0,108,1279
11,yes,elev,gr,gr,11,S,11,41,100,0,275,1280
11,yes,elev,gr,gr,11,P,46,5,100,0,0,1281
11,yes,elev,gr,gr,12,N,0,46,100,0,39,1282
11,yes,elev,gr,gr,12,S,16,27,100,0,40,1283
11,yes,elev,gr,gr,12,P,15,34,100,0,9,1284
11,yes,elev,gr,gr,13,N,4,48,100,0,346,1285
11,yes,elev,gr,gr,13,S,0,15,100,0,15,1286
11,yes,elev,gr,gr,13,P,0,81,100,0,120,1287
11,yes,elev,gr,gr,14,N,16,64,100,0,76,1288
11,yes,elev,gr,gr,14,S,5,46,100,1,131,1289
11,yes,elev,gr,gr,14,P,14,41,100,0,61,1290
11,yes,elev,gr,gr,15,N,0,21,100,0,7,1291
11,yes,elev,gr,gr,15,S,0,69,100,0,203,1292
11,yes,elev,gr,gr,15,P,6,74,100,0,70,1293
11,yes,elev,N,open,11,N,0,13,100,0,27,1294
11,yes,elev,N,open,11,S,0,43,100,0,288,1295
11,yes,elev,N,open,11,P,0,36,100,0,51,1296
11,yes,elev,N,open,12,N,29,17,100,0,30,1297
11,yes,elev,N,open,12,S,5,67,100,0,206,1298
11,yes,elev,N,open,12,P,9,12,100,0,0,1299
11,yes,elev,N,open,13,N,14,47,100,0,151,1300
11,yes,elev,N,open,13,S,16,36,100,0,95,1301
11,yes,elev,N,open,13,P,17,9,100,0,7,1302
11,yes,elev,N,open,14,N,0,87,100,0,16,1303
11,yes,elev,N,open,14,S,15,24,100,0,33,1304
11,yes,elev,N,open,14,P,0,47,100,0,1,1305
11,yes,elev,N,open,15,N,0,42,100,0,26,1306
11,yes,elev,N,open,15,S,0,40,100,0,14,1307
11,yes,elev,N,open,15,P,0,0,100,0,0,1308
11,yes,elev,S,open,11,N,0,52,100,0,84,1309
11,yes,elev,S,open,11,S,9,31,100,0,87,1310
11,yes,elev,S,open,11,P,6,26,100,0,0,1311
11,yes,elev,S,open,12,N,0,37,100,0,159,1312
11,yes,elev,S,open,12,S,0,51,100,0,167,1313
11,yes,elev,S,open,12,P,8,21,100,0,24,1314
11,yes,elev,S,open,13,N,16,33,100,0,42,1315
11,yes,elev,S,open,13,S,13,31,100,0,45,1316
11,yes,elev,S,open,13,P,6,8,100,0,0,1317
11,yes,elev,S,open,14,N,16,48,100,0,96,1318
11,yes,elev,S,open,14,S,4,56,100,0,117,1319
11,yes,elev,S,open,14,P,2,41,100,0,18,1320
11,yes,elev,S,open,15,N,0,66,100,0,32,1321
11,yes,elev,S,open,15,S,20,22,100,0,8,1322
11,yes,elev,S,open,15,P,31,18,100,0,0,1323
11,yes,elev,gr,gr,16,N,0,33,100,0,62,1324
11,yes,elev,gr,gr,16,S,0,24,100,0,22,1325
11,yes,elev,gr,gr,16,P,15,63,100,0,8,1326
11,yes,elev,gr,gr,17,N,0,35,100,0,68,1327
11,yes,elev,gr,gr,17,S,0,4,100,0,5,1328
11,yes,elev,gr,gr,17,P,1,50,100,0,60,1329
11,yes,elev,gr,gr,18,N,0,0,100,0,0,1330
11,yes,elev,gr,gr,18,S,0,19,100,0,29,1331
11,yes,elev,gr,gr,18,P,0,37,100,0,57,1332
11,yes,elev,gr,gr,19,N,0,14,100,0,1,1333
11,yes,elev,gr,gr,19,S,0,31,100,0,0,1334
11,yes,elev,gr,gr,19,P,0,36,100,0,93,1335
11,yes,elev,gr,gr,20,N,0,68,100,0,33,1336
11,yes,elev,gr,gr,20,S,0,11,100,0,0,1337
11,yes,elev,gr,gr,20,P,0,44,100,0,18,1338
11,yes,elev,N,open,16,N,0,53,100,0,77,1339
11,yes,elev,N,open,16,S,0,30,100,0,9,1340
11,yes,elev,N,open,16,P,2,16,100,0,25,1341
11,yes,elev,N,open,17,N,2,28,100,0,3,1342
11,yes,elev,N,open,17,S,0,9,100,0,0,1343
11,yes,elev,N,open,17,P,0,18,100,0,0,1344
11,yes,elev,N,open,18,N,0,23,100,0,4,1345
11,yes,elev,N,open,18,S,0,27,100,0,1,1346
11,yes,elev,N,open,18,P,5,19,100,0,19,1347
11,yes,elev,N,open,19,N,7,25,100,0,2,1348
11,yes,elev,N,open,19,S,0,36,100,0,23,1349
11,yes,elev,N,open,19,P,0,81,100,0,15,1350
11,yes,elev,N,open,20,N,0,72,100,0,71,1351
11,yes,elev,N,open,20,S,0,12,100,0,0,1352
11,yes,elev,N,open,20,P,1,21,100,0,0,1353
11,yes,elev,S,open,16,N,15,3,100,0,5,1354
11,yes,elev,S,open,16,S,0,4,100,0,0,1355
11,yes,elev,S,open,16,P,0,23,100,0,34,1356
11,yes,elev,S,open,17,N,0,0,100,0,0,1357
11,yes,elev,S,open,17,S,0,24,100,0,2,1358
11,yes,elev,S,open,17,P,2,71,100,0,27,1359
11,yes,elev,S,open,18,N,0,38,100,0,59,1360
11,yes,elev,S,open,18,S,0,11,100,0,2,1361
11,yes,elev,S,open,18,P,0,13,100,0,0,1362
11,yes,elev,S,open,19,N,27,51,100,0,0,1363
11,yes,elev,S,open,19,S,10,52,100,0,0,1364
11,yes,elev,S,open,19,P,10,20,100,0,0,1365
11,yes,elev,S,open,20,N,73,35,100,0,17,1366
11,yes,elev,S,open,20,S,42,58,100,0,44,1367
11,yes,elev,S,open,20,P,18,19,100,0,0,1368
12,yes,elev,gr,gr,1,N,6,2,100,0,0,1369
12,yes,elev,gr,gr,1,S,0,0,100,0,0,1370
12,yes,elev,gr,gr,1,P,8,11,100,0,0,1371
12,yes,elev,gr,gr,2,N,6,22,100,1,4,1372
12,yes,elev,gr,gr,2,S,9,20,100,0,5,1373
12,yes,elev,gr,gr,2,P,34,0,100,0,0,1374
12,yes,elev,gr,gr,3,N,6,39,100,0,35,1375
12,yes,elev,gr,gr,3,S,32,0,100,19,0,1376
12,yes,elev,gr,gr,3,P,70,12,100,0,7,1377
12,yes,elev,gr,gr,4,N,0,0,100,0,0,1378
12,yes,elev,gr,gr,4,S,0,0,100,0,0,1379
12,yes,elev,gr,gr,4,P,0,0,100,0,0,1380
12,yes,elev,gr,gr,5,N,3,0,100,0,0,1381
12,yes,elev,gr,gr,5,S,9,0,100,0,0,1382
12,yes,elev,gr,gr,5,P,4,0,100,0,0,1383
12,yes,elev,N,open,1,N,0,68,100,0,219,1384
12,yes,elev,N,open,1,S,2,31,100,0,18,1385
12,yes,elev,N,open,1,P,0,66,100,0,4,1386
12,yes,elev,N,open,2,N,0,3,100,0,0,1387
12,yes,elev,N,open,2,S,5,36,100,0,70,1388
12,yes,elev,N,open,2,P,0,73,100,0,48,1389
12,yes,elev,N,open,3,N,0,45,100,0,27,1390
12,yes,elev,N,open,3,S,0,20,100,0,21,1391
12,yes,elev,N,open,3,P,12,32,100,0,4,1392
12,yes,elev,N,open,4,N,0,74,100,0,126,1393
12,yes,elev,N,open,4,S,0,72,100,0,198,1394
12,yes,elev,N,open,4,P,7,48,100,0,0,1395
12,yes,elev,N,open,5,N,0,34,100,0,13,1396
12,yes,elev,N,open,5,S,0,42,100,0,12,1397
12,yes,elev,N,open,5,P,1,76,100,0,14,1398
12,yes,elev,S,open,1,N,0,15,100,0,0,1399
12,yes,elev,S,open,1,S,0,18,100,0,11,1400
12,yes,elev,S,open,1,P,9,3,100,0,0,1401
12,yes,elev,S,open,2,N,0,0,100,0,0,1402
12,yes,elev,S,open,2,S,6,18,100,0,36,1403
12,yes,elev,S,open,2,P,2,31,100,0,11,1404
12,yes,elev,S,open,3,N,0,0,100,0,0,1405
12,yes,elev,S,open,3,S,0,0,100,0,0,1406
12,yes,elev,S,open,3,P,0,5,100,0,0,1407
12,yes,elev,S,open,4,N,0,11,100,0,1,1408
12,yes,elev,S,open,4,S,0,58,100,0,93,1409
12,yes,elev,S,open,4,P,0,42,100,0,0,1410
12,yes,elev,S,open,5,N,0,78,100,0,31,1411
12,yes,elev,S,open,5,S,0,35,100,0,16,1412
12,yes,elev,S,open,5,P,0,11,100,0,0,1413
12,yes,elev,gr,gr,6,N,0,47,100,0,40,1414
12,yes,elev,gr,gr,6,S,0,0,100,0,0,1415
12,yes,elev,gr,gr,6,P,11,25,100,0,0,1416
12,yes,elev,gr,gr,7,N,0,15,100,0,12,1417
12,yes,elev,gr,gr,7,S,0,47,100,0,146,1418
12,yes,elev,gr,gr,7,P,13,48,100,1,64,1419
12,yes,elev,gr,gr,8,N,4,19,100,0,13,1420
12,yes,elev,gr,gr,8,S,0,34,100,0,36,1421
12,yes,elev,gr,gr,8,P,15,5,100,0,0,1422
12,yes,elev,gr,gr,9,N,0,62,100,0,1,1423
12,yes,elev,gr,gr,9,S,0,41,100,0,43,1424
12,yes,elev,gr,gr,9,P,6,64,100,0,21,1425
12,yes,elev,gr,gr,10,N,0,43,100,0,12,1426
12,yes,elev,gr,gr,10,S,0,58,100,0,19,1427
12,yes,elev,gr,gr,10,P,18,32,100,0,9,1428
12,yes,elev,N,open,6,N,5,34,100,0,20,1429
12,yes,elev,N,open,6,S,3,27,100,0,18,1430
12,yes,elev,N,open,6,P,39,3,100,1,0,1431
12,yes,elev,N,open,7,N,35,16,100,0,8,1432
12,yes,elev,N,open,7,S,6,23,100,4,27,1433
12,yes,elev,N,open,7,P,54,11,100,0,9,1434
12,yes,elev,N,open,8,N,10,22,100,0,42,1435
12,yes,elev,N,open,8,S,0,27,100,0,27,1436
12,yes,elev,N,open,8,P,26,6,100,6,20,1437
12,yes,elev,N,open,9,N,15,46,100,3,226,1438
12,yes,elev,N,open,9,S,4,38,100,3,47,1439
12,yes,elev,N,open,9,P,7,17,100,4,22,1440
12,yes,elev,N,open,10,N,3,34,100,1,152,1441
12,yes,elev,N,open,10,S,16,27,100,5,47,1442
12,yes,elev,N,open,10,P,32,16,100,0,23,1443
12,yes,elev,S,open,6,N,8,44,100,1,255,1444
12,yes,elev,S,open,6,S,1,43,100,0,12,1445
12,yes,elev,S,open,6,P,9,21,100,0,18,1446
12,yes,elev,S,open,7,N,2,92,100,0,45,1447
12,yes,elev,S,open,7,S,0,51,100,0,135,1448
12,yes,elev,S,open,7,P,4,38,100,0,5,1449
12,yes,elev,S,open,8,N,7,42,100,0,127,1450
12,yes,elev,S,open,8,S,0,21,100,0,8,1451
12,yes,elev,S,open,8,P,4,49,100,0,1,1452
12,yes,elev,S,open,9,N,16,0,100,0,0,1453
12,yes,elev,S,open,9,S,0,34,100,0,5,1454
12,yes,elev,S,open,9,P,0,33,100,0,13,1455
12,yes,elev,S,open,10,N,0,59,100,0,51,1456
12,yes,elev,S,open,10,S,3,60,100,0,21,1457
12,yes,elev,S,open,10,P,12,47,100,0,0,1458
12,yes,elev,gr,gr,11,N,14,53,100,0,41,1459
12,yes,elev,gr,gr,11,S,1,35,100,0,56,1460
12,yes,elev,gr,gr,11,P,7,38,100,0,0,1461
12,yes,elev,gr,gr,12,N,0,15,100,0,29,1462
12,yes,elev,gr,gr,12,S,0,0,100,0,0,1463
12,yes,elev,gr,gr,12,P,21,27,100,0,0,1464
12,yes,elev,gr,gr,13,N,0,28,100,0,0,1465
12,yes,elev,gr,gr,13,S,0,0,100,0,0,1466
12,yes,elev,gr,gr,13,P,4,51,100,0,38,1467
12,yes,elev,gr,gr,14,N,5,12,100,0,0,1468
12,yes,elev,gr,gr,14,S,3,15,100,0,0,1469
12,yes,elev,gr,gr,14,P,26,38,100,2,31,1470
12,yes,elev,gr,gr,15,N,3,70,100,0,68,1471
12,yes,elev,gr,gr,15,S,6,5,100,0,0,1472
12,yes,elev,gr,gr,15,P,17,19,100,0,10,1473
12,yes,elev,N,open,11,N,22,93,100,22,142,1474
12,yes,elev,N,open,11,S,28,56,100,25,87,1475
12,yes,elev,N,open,11,P,46,32,100,0,3,1476
12,yes,elev,N,open,12,N,7,60,100,3,138,1477
12,yes,elev,N,open,12,S,26,32,100,12,136,1478
12,yes,elev,N,open,12,P,31,12,100,4,13,1479
12,yes,elev,N,open,13,N,24,60,100,10,201,1480
12,yes,elev,N,open,13,S,10,56,100,3,113,1481
12,yes,elev,N,open,13,P,20,3,100,4,0,1482
12,yes,elev,N,open,14,N,8,54,100,1,49,1483
12,yes,elev,N,open,14,S,11,43,100,9,62,1484
12,yes,elev,N,open,14,P,7,13,100,0,5,1485
12,yes,elev,N,open,15,N,10,32,100,1,35,1486
12,yes,elev,N,open,15,S,6,51,100,9,223,1487
12,yes,elev,N,open,15,P,13,69,100,0,18,1488
12,yes,elev,S,open,11,N,28,40,100,0,88,1489
12,yes,elev,S,open,11,S,12,19,100,0,8,1490
12,yes,elev,S,open,11,P,15,22,100,0,1,1491
12,yes,elev,S,open,12,N,10,96,100,0,381,1492
12,yes,elev,S,open,12,S,8,54,100,0,42,1493
12,yes,elev,S,open,12,P,10,44,100,0,11,1494
12,yes,elev,S,open,13,N,22,35,100,0,147,1495
12,yes,elev,S,open,13,S,6,25,100,0,0,1496
12,yes,elev,S,open,13,P,9,38,100,0,6,1497
12,yes,elev,S,open,14,N,0,6,100,0,17,1498
12,yes,elev,S,open,14,S,0,19,100,0,0,1499
12,yes,elev,S,open,14,P,9,51,100,0,0,1500
12,yes,elev,S,open,15,N,18,52,100,1,101,1501
12,yes,elev,S,open,15,S,0,58,100,0,78,1502
12,yes,elev,S,open,15,P,6,56,100,0,0,1503
12,yes,elev,gr,gr,16,N,2,53,100,0,0,1504
12,yes,elev,gr,gr,16,S,2,41,100,0,0,1505
12,yes,elev,gr,gr,16,P,20,46,100,2,0,1506
12,yes,elev,gr,gr,17,N,0,0,100,0,0,1507
12,yes,elev,gr,gr,17,S,0,0,100,0,0,1508
12,yes,elev,gr,gr,17,P,21,45,100,3,48,1509
12,yes,elev,gr,gr,18,N,30,18,100,0,29,1510
12,yes,elev,gr,gr,18,S,11,10,100,1,19,1511
12,yes,elev,gr,gr,18,P,13,37,100,0,6,1512
12,yes,elev,gr,gr,19,N,0,56,100,0,7,1513
12,yes,elev,gr,gr,19,S,0,14,100,0,3,1514
12,yes,elev,gr,gr,19,P,11,48,100,0,23,1515
12,yes,elev,gr,gr,20,N,8,39,100,0,93,1516
12,yes,elev,gr,gr,20,S,4,77,100,0,102,1517
12,yes,elev,gr,gr,20,P,32,68,100,0,3,1518
12,yes,elev,N,open,16,N,4,5,100,0,10,1519
12,yes,elev,N,open,16,S,0,27,100,0,20,1520
12,yes,elev,N,open,16,P,0,32,100,0,0,1521
12,yes,elev,N,open,17,N,8,15,100,0,36,1522
12,yes,elev,N,open,17,S,7,32,100,0,15,1523
12,yes,elev,N,open,17,P,5,38,100,0,14,1524
12,yes,elev,N,open,18,N,1,0,100,0,0,1525
12,yes,elev,N,open,18,S,0,4,100,0,0,1526
12,yes,elev,N,open,18,P,12,18,100,0,0,1527
12,yes,elev,N,open,19,N,58,56,100,1,7,1528
12,yes,elev,N,open,19,S,8,94,100,0,46,1529
12,yes,elev,N,open,19,P,4,87,100,0,21,1530
12,yes,elev,N,open,20,N,0,57,100,0,188,1531
12,yes,elev,N,open,20,S,43,15,100,9,3,1532
12,yes,elev,N,open,20,P,16,32,100,0,0,1533
12,yes,elev,S,open,16,N,6,23,100,0,3,1534
12,yes,elev,S,open,16,S,0,37,100,0,55,1535
12,yes,elev,S,open,16,P,9,15,100,0,0,1536
12,yes,elev,S,open,17,N,2,0,100,0,0,1537
12,yes,elev,S,open,17,S,0,0,100,0,0,1538
12,yes,elev,S,open,17,P,0,0,100,0,0,1539
12,yes,elev,S,open,18,N,0,0,100,0,0,1540
12,yes,elev,S,open,18,S,0,2,100,0,0,1541
12,yes,elev,S,open,18,P,6,3,100,0,0,1542
12,yes,elev,S,open,19,N,43,5,100,0,0,1543
12,yes,elev,S,open,19,S,5,32,100,0,6,1544
12,yes,elev,S,open,19,P,0,26,100,0,0,1545
12,yes,elev,S,open,20,N,11,29,100,0,12,1546
12,yes,elev,S,open,20,S,0,41,100,0,12,1547
12,yes,elev,S,open,20,P,12,5,100,0,0,1548
23,no,elev,gr,gr,1,N,6,38,100,1,5,1549
23,no,elev,gr,gr,1,S,2,44,100,0,31,1550
23,no,elev,gr,gr,1,P,4,43,100,0,1,1551
23,no,elev,gr,gr,2,N,2,34,100,0,5,1552
23,no,elev,gr,gr,2,S,0,18,100,0,6,1553
23,no,elev,gr,gr,2,P,1,60,100,0,5,1554
23,no,elev,gr,gr,3,N,10,23,100,0,0,1555
23,no,elev,gr,gr,3,S,0,39,100,0,9,1556
23,no,elev,gr,gr,3,P,18,51,100,0,0,1557
23,no,elev,gr,gr,4,N,20,72,100,1,0,1558
23,no,elev,gr,gr,4,S,11,64,100,0,1,1559
23,no,elev,gr,gr,4,P,8,62,100,0,21,1560
23,no,elev,gr,gr,5,N,10,38,100,0,0,1561
23,no,elev,gr,gr,5,S,5,41,100,0,0,1562
23,no,elev,gr,gr,5,P,5,96,100,0,28,1563
23,no,elev,N,open,1,N,0,86,100,0,14,1564
23,no,elev,N,open,1,S,11,62,100,0,144,1565
23,no,elev,N,open,1,P,0,57,100,0,0,1566
23,no,elev,N,open,2,N,15,56,100,0,172,1567
23,no,elev,N,open,2,S,6,25,100,0,16,1568
23,no,elev,N,open,2,P,0,42,100,0,1,1569
23,no,elev,N,open,3,N,0,63,100,0,63,1570
23,no,elev,N,open,3,S,8,64,100,0,76,1571
23,no,elev,N,open,3,P,1,45,100,0,0,1572
23,no,elev,N,open,4,N,2,75,100,0,73,1573
23,no,elev,N,open,4,S,0,71,100,0,31,1574
23,no,elev,N,open,4,P,0,91,100,0,0,1575
23,no,elev,N,open,5,N,0,64,100,0,30,1576
23,no,elev,N,open,5,S,0,65,100,0,47,1577
23,no,elev,N,open,5,P,0,83,100,0,1,1578
23,no,elev,S,open,1,N,0,50,100,0,71,1579
23,no,elev,S,open,1,S,2,49,100,0,1,1580
23,no,elev,S,open,1,P,1,31,100,0,0,1581
23,no,elev,S,open,2,N,4,61,100,0,12,1582
23,no,elev,S,open,2,S,0,25,100,0,2,1583
23,no,elev,S,open,2,P,0,51,100,0,0,1584
23,no,elev,S,open,3,N,6,1,100,0,14,1585
23,no,elev,S,open,3,S,1,7,100,0,32,1586
23,no,elev,S,open,3,P,17,28,100,0,0,1587
23,no,elev,S,open,4,N,2,74,100,0,16,1588
23,no,elev,S,open,4,S,5,50,100,0,0,1589
23,no,elev,S,open,4,P,3,51,100,0,0,1590
23,no,elev,S,open,5,N,6,83,100,0,64,1591
23,no,elev,S,open,5,S,0,62,100,0,46,1592
23,no,elev,S,open,5,P,0,46,100,0,0,1593
23,no,elev,gr,gr,6,N,3,0,100,2,0,1594
23,no,elev,gr,gr,6,S,3,1,100,0,0,1595
23,no,elev,gr,gr,6,P,5,5,100,2,7,1596
23,no,elev,gr,gr,7,N,0,3,100,0,0,1597
23,no,elev,gr,gr,7,S,0,14,100,0,0,1598
23,no,elev,gr,gr,7,P,2,53,100,0,0,1599
23,no,elev,gr,gr,8,N,0,2,100,0,0,1600
23,no,elev,gr,gr,8,S,0,5,100,0,0,1601
23,no,elev,gr,gr,8,P,0,42,100,0,21,1602
23,no,elev,gr,gr,9,N,10,26,100,0,29,1603
23,no,elev,gr,gr,9,S,0,47,100,0,0,1604
23,no,elev,gr,gr,9,P,27,69,100,3,64,1605
23,no,elev,gr,gr,10,N,6,54,100,0,10,1606
23,no,elev,gr,gr,10,S,7,45,100,0,13,1607
23,no,elev,gr,gr,10,P,16,65,100,1,26,1608
23,no,elev,N,open,6,N,0,54,100,0,81,1609
23,no,elev,N,open,6,S,0,39,100,0,144,1610
23,no,elev,N,open,6,P,0,35,100,0,9,1611
23,no,elev,N,open,7,N,26,55,100,4,24,1612
23,no,elev,N,open,7,S,0,57,100,0,89,1613
23,no,elev,N,open,7,P,3,75,100,0,34,1614
23,no,elev,N,open,8,N,6,51,100,0,115,1615
23,no,elev,N,open,8,S,3,45,100,0,52,1616
23,no,elev,N,open,8,P,0,31,100,0,0,1617
23,no,elev,N,open,9,N,0,19,100,0,0,1618
23,no,elev,N,open,9,S,2,58,100,2,104,1619
23,no,elev,N,open,9,P,4,45,100,0,3,1620
23,no,elev,N,open,10,N,12,93,100,0,127,1621
23,no,elev,N,open,10,S,2,81,100,0,131,1622
23,no,elev,N,open,10,P,0,87,100,0,32,1623
23,no,elev,S,open,6,N,5,53,100,0,122,1624
23,no,elev,S,open,6,S,4,40,100,0,43,1625
23,no,elev,S,open,6,P,1,41,100,0,24,1626
23,no,elev,S,open,7,N,9,38,100,0,103,1627
23,no,elev,S,open,7,S,0,40,100,0,71,1628
23,no,elev,S,open,7,P,0,34,100,0,19,1629
23,no,elev,S,open,8,N,5,35,100,0,47,1630
23,no,elev,S,open,8,S,7,24,100,0,11,1631
23,no,elev,S,open,8,P,1,55,100,0,4,1632
23,no,elev,S,open,9,N,0,81,100,0,161,1633
23,no,elev,S,open,9,S,0,70,100,0,53,1634
23,no,elev,S,open,9,P,0,54,100,0,11,1635
23,no,elev,S,open,10,N,10,7,100,0,34,1636
23,no,elev,S,open,10,S,10,37,100,0,8,1637
23,no,elev,S,open,10,P,0,66,100,0,4,1638
23,no,elev,gr,gr,11,N,0,0,100,0,0,1639
23,no,elev,gr,gr,11,S,0,0,100,0,0,1640
23,no,elev,gr,gr,11,P,7,9,100,0,0,1641
23,no,elev,gr,gr,12,N,0,0,100,0,0,1642
23,no,elev,gr,gr,12,S,0,0,100,0,0,1643
23,no,elev,gr,gr,12,P,0,0,100,0,0,1644
23,no,elev,gr,gr,13,N,0,0,100,0,0,1645
23,no,elev,gr,gr,13,S,0,0,100,0,0,1646
23,no,elev,gr,gr,13,P,6,2,100,8,0,1647
23,no,elev,gr,gr,14,N,0,4,100,0,0,1648
23,no,elev,gr,gr,14,S,0,28,100,0,23,1649
23,no,elev,gr,gr,14,P,0,21,100,0,21,1650
23,no,elev,gr,gr,15,N,0,0,100,0,0,1651
23,no,elev,gr,gr,15,S,0,0,100,0,0,1652
23,no,elev,gr,gr,15,P,12,19,100,0,0,1653
23,no,elev,N,open,11,N,0,3,100,0,0,1654
23,no,elev,N,open,11,S,0,11,100,0,0,1655
23,no,elev,N,open,11,P,0,0,100,0,0,1656
23,no,elev,N,open,12,N,0,12,100,0,0,1657
23,no,elev,N,open,12,S,0,0,100,0,0,1658
23,no,elev,N,open,12,P,2,0,100,0,0,1659
23,no,elev,N,open,13,N,10,0,100,0,0,1660
23,no,elev,N,open,13,S,0,4,100,0,0,1661
23,no,elev,N,open,13,P,17,0,100,0,0,1662
23,no,elev,N,open,14,N,0,0,100,0,0,1663
23,no,elev,N,open,14,S,1,0,100,0,0,1664
23,no,elev,N,open,14,P,0,0,100,0,0,1665
23,no,elev,N,open,15,N,0,4,100,0,0,1666
23,no,elev,N,open,15,S,0,20,100,0,0,1667
23,no,elev,N,open,15,P,2,69,100,0,11,1668
23,no,elev,S,open,11,N,0,7,100,0,0,1669
23,no,elev,S,open,11,S,0,26,100,0,0,1670
23,no,elev,S,open,11,P,0,4,100,0,0,1671
23,no,elev,S,open,12,N,0,0,100,0,0,1672
23,no,elev,S,open,12,S,0,8,100,0,0,1673
23,no,elev,S,open,12,P,0,0,100,0,0,1674
23,no,elev,S,open,13,N,0,18,100,0,0,1675
23,no,elev,S,open,13,S,0,11,100,0,0,1676
23,no,elev,S,open,13,P,0,11,100,0,0,1677
23,no,elev,S,open,14,N,0,34,100,0,0,1678
23,no,elev,S,open,14,S,11,21,100,0,0,1679
23,no,elev,S,open,14,P,3,55,100,0,0,1680
23,no,elev,S,open,15,N,0,17,100,0,0,1681
23,no,elev,S,open,15,S,0,9,100,0,0,1682
23,no,elev,S,open,15,P,0,3,100,0,0,1683
23,no,elev,gr,gr,16,N,0,0,100,0,0,1684
23,no,elev,gr,gr,16,S,0,2,100,0,0,1685
23,no,elev,gr,gr,16,P,0,1,100,0,0,1686
23,no,elev,gr,gr,17,N,2,9,100,0,0,1687
23,no,elev,gr,gr,17,S,13,2,100,4,0,1688
23,no,elev,gr,gr,17,P,27,6,100,0,0,1689
23,no,elev,gr,gr,18,N,0,56,100,0,6,1690
23,no,elev,gr,gr,18,S,0,12,100,0,8,1691
23,no,elev,gr,gr,18,P,0,51,100,0,6,1692
23,no,elev,gr,gr,19,N,17,88,100,0,16,1693
23,no,elev,gr,gr,19,S,0,54,100,0,0,1694
23,no,elev,gr,gr,19,P,2,89,100,0,15,1695
23,no,elev,gr,gr,20,N,6,53,100,0,35,1696
23,no,elev,gr,gr,20,S,0,74,100,0,10,1697
23,no,elev,gr,gr,20,P,14,90,100,11,13,1698
23,no,elev,N,open,16,N,0,45,100,0,112,1699
23,no,elev,N,open,16,S,13,25,100,9,35,1700
23,no,elev,N,open,16,P,8,42,100,0,52,1701
23,no,elev,N,open,17,N,0,53,100,0,102,1702
23,no,elev,N,open,17,S,18,12,100,0,45,1703
23,no,elev,N,open,17,P,0,9,100,0,0,1704
23,no,elev,N,open,18,N,0,28,100,0,65,1705
23,no,elev,N,open,18,S,15,27,100,5,139,1706
23,no,elev,N,open,18,P,3,36,100,0,1,1707
23,no,elev,N,open,19,N,10,76,100,0,143,1708
23,no,elev,N,open,19,S,18,78,100,1,154,1709
23,no,elev,N,open,19,P,0,72,100,0,18,1710
23,no,elev,N,open,20,N,2,37,100,0,38,1711
23,no,elev,N,open,20,S,0,73,100,0,159,1712
23,no,elev,N,open,20,P,0,64,100,0,60,1713
23,no,elev,S,open,16,N,0,8,100,0,0,1714
23,no,elev,S,open,16,S,0,21,100,0,0,1715
23,no,elev,S,open,16,P,0,24,100,0,0,1716
23,no,elev,S,open,17,N,0,45,100,0,9,1717
23,no,elev,S,open,17,S,0,43,100,0,0,1718
23,no,elev,S,open,17,P,0,36,100,0,0,1719
23,no,elev,S,open,18,N,0,10,100,0,0,1720
23,no,elev,S,open,18,S,0,34,100,0,1,1721
23,no,elev,S,open,18,P,0,14,100,0,0,1722
23,no,elev,S,open,19,N,0,11,100,0,0,1723
23,no,elev,S,open,19,S,0,0,100,0,0,1724
23,no,elev,S,open,19,P,3,29,100,0,0,1725
23,no,elev,S,open,20,N,0,65,100,0,0,1726
23,no,elev,S,open,20,S,0,62,100,0,11,1727
23,no,elev,S,open,20,P,0,74,100,0,0,1728
