site,fire,retention,transect,type,plot,micro_hab,VM_cover,VV_cover,total_cover,VM_fruit,VV_fruit
3,yes,no,1,open,1,N,0,46,100,0,35
3,yes,no,1,open,1,S,0,29,100,0,25
3,yes,no,1,open,1,P,0,63,100,0,44
3,yes,no,1,open,2,N,0,36,100,0,22
3,yes,no,1,open,2,S,2,29,100,0,68
3,yes,no,1,open,2,P,0,41,100,0,0
3,yes,no,1,open,3,N,0,45,100,0,95
3,yes,no,1,open,3,S,0,19,100,0,32
3,yes,no,1,open,3,P,0,63,100,0,0
3,yes,no,1,open,4,N,0,79,100,0,146
3,yes,no,1,open,4,S,0,28,100,0,81
3,yes,no,1,open,4,P,0,57,100,0,0
3,yes,no,1,open,5,N,0,5,100,0,0
3,yes,no,1,open,5,S,0,12,100,0,15
3,yes,no,1,open,5,P,0,0,100,0,0
3,yes,no,1,open,6,N,4,10,100,0,0
3,yes,no,1,open,6,S,0,1,100,0,0
3,yes,no,1,open,6,P,0,2,100,0,0
3,yes,no,1,open,7,N,13,67,100,0,52
3,yes,no,1,open,7,S,0,73,100,0,101
3,yes,no,1,open,7,P,0,47,100,0,6
3,yes,no,1,open,8,N,0,25,100,0,3
3,yes,no,1,open,8,S,0,38,100,0,7
3,yes,no,1,open,8,P,1,33,100,0,8
3,yes,no,1,open,9,N,0,47,100,0,51
3,yes,no,1,open,9,S,0,27,100,0,8
3,yes,no,1,open,9,P,2,30,100,0,3
3,yes,no,2,open,10,N,0,40,100,0,50
3,yes,no,2,open,10,S,12,22,100,0,0
3,yes,no,2,open,10,P,0,52,100,0,23
3,yes,no,2,open,11,N,4,29,100,0,38
3,yes,no,2,open,11,S,0,30,100,0,25
3,yes,no,2,open,11,P,3,32,100,0,2
3,yes,no,2,open,12,N,0,12,100,0,0
3,yes,no,2,open,12,S,0,47,100,0,70
3,yes,no,2,open,12,P,0,21,100,0,6
3,yes,no,2,open,13,N,0,50,100,0,136
3,yes,no,2,open,13,S,9,14,100,0,95
3,yes,no,2,open,13,P,0,24,100,0,2
3,yes,no,2,open,14,N,2,3,100,0,13
3,yes,no,2,open,14,S,3,35,100,0,15
3,yes,no,2,open,14,P,0,28,100,0,5
3,yes,no,2,open,15,N,10,26,100,0,29
3,yes,no,2,open,15,S,0,0,100,0,0
3,yes,no,2,open,15,P,0,26,100,0,0
3,yes,no,2,open,16,N,0,67,100,0,72
3,yes,no,2,open,16,S,0,62,100,0,31
3,yes,no,2,open,16,P,0,46,100,0,8
3,yes,no,2,open,17,N,0,47,100,0,27
3,yes,no,2,open,17,S,0,27,100,0,12
3,yes,no,2,open,17,P,0,67,100,0,8
3,yes,no,2,open,18,N,3,34,100,0,25
3,yes,no,2,open,18,S,18,29,100,0,15
3,yes,no,2,open,18,P,0,38,100,0,0
3,yes,no,3,open,19,N,0,0,100,0,0
3,yes,no,3,open,19,S,0,0,100,0,0
3,yes,no,3,open,19,P,0,12,100,0,33
3,yes,no,3,open,20,N,0,0,100,0,0
3,yes,no,3,open,20,S,0,0,100,0,0
3,yes,no,3,open,20,P,0,28,100,0,15
3,yes,no,3,open,21,N,0,0,100,0,0
3,yes,no,3,open,21,S,0,0,100,0,0
3,yes,no,3,open,21,P,4,0,100,0,0
3,yes,no,3,open,22,N,0,17,100,0,91
3,yes,no,3,open,22,S,0,28,100,0,63
3,yes,no,3,open,22,P,5,30,100,0,39
3,yes,no,3,open,23,N,2,2,100,0,4
3,yes,no,3,open,23,S,0,9,100,0,34
3,yes,no,3,open,23,P,2,31,100,0,8
3,yes,no,3,open,24,N,0,13,100,0,12
3,yes,no,3,open,24,S,1,6,100,0,2
3,yes,no,3,open,24,P,0,21,100,0,8
3,yes,no,3,open,25,N,1,16,100,0,7
3,yes,no,3,open,25,S,0,0,100,0,0
3,yes,no,3,open,25,P,11,0,100,0,0
3,yes,no,3,open,26,N,0,0,100,0,0
3,yes,no,3,open,26,S,0,20,100,0,0
3,yes,no,3,open,26,P,5,0,100,0,0
3,yes,no,3,open,27,N,0,58,100,0,134
3,yes,no,3,open,27,S,0,47,100,0,78
3,yes,no,3,open,27,P,0,41,100,0,13
3,yes,no,4,open,28,N,0,0,100,0,0
3,yes,no,4,open,28,S,0,0,100,0,0
3,yes,no,4,open,28,P,0,37,100,0,97
3,yes,no,4,open,29,N,11,10,100,0,13
3,yes,no,4,open,29,S,18,0,100,1,0
3,yes,no,4,open,29,P,0,12,100,0,4
3,yes,no,4,open,30,N,0,0,100,0,0
3,yes,no,4,open,30,S,1,10,100,0,0
3,yes,no,4,open,30,P,1,0,100,0,0
3,yes,no,4,open,31,N,1,1,100,0,0
3,yes,no,4,open,31,S,0,0,100,0,0
3,yes,no,4,open,31,P,0,0,100,0,0
3,yes,no,4,open,32,N,0,0,100,0,0
3,yes,no,4,open,32,S,0,1,100,0,0
3,yes,no,4,open,32,P,6,0,100,0,0
3,yes,no,4,open,33,N,0,3,100,0,0
3,yes,no,4,open,33,S,0,14,100,0,10
3,yes,no,4,open,33,P,0,23,100,0,51
3,yes,no,4,open,34,N,0,34,100,0,6
3,yes,no,4,open,34,S,0,1,100,0,7
3,yes,no,4,open,34,P,0,52,100,0,33
3,yes,no,4,open,35,N,0,12,100,0,23
3,yes,no,4,open,35,S,0,5,100,0,0
3,yes,no,4,open,35,P,6,22,100,0,0
3,yes,no,4,open,36,N,0,0,100,0,0
3,yes,no,4,open,36,S,0,57,100,0,70
3,yes,no,4,open,36,P,0,47,100,0,18
7,no,no,1,open,1,N,2,80,100,0,45
7,no,no,1,open,1,S,10,35,100,0,7
7,no,no,1,open,1,P,0,37,100,0,0
7,no,no,1,open,2,N,3,58,100,0,135
7,no,no,1,open,2,S,5,61,100,0,76
7,no,no,1,open,2,P,0,68,100,0,8
7,no,no,1,open,3,N,0,46,100,0,40
7,no,no,1,open,3,S,1,52,100,0,92
7,no,no,1,open,3,P,0,39,100,0,0
7,no,no,1,open,4,N,3,45,100,0,52
7,no,no,1,open,4,S,19,43,100,0,17
7,no,no,1,open,4,P,0,22,100,0,0
7,no,no,1,open,5,N,6,63,100,0,87
7,no,no,1,open,5,S,0,40,100,0,58
7,no,no,1,open,5,P,0,12,100,0,0
7,no,no,1,open,6,N,0,39,100,0,45
7,no,no,1,open,6,S,0,12,100,0,11
7,no,no,1,open,6,P,0,10,100,0,0
7,no,no,1,open,7,N,8,41,100,0,29
7,no,no,1,open,7,S,0,78,100,0,48
7,no,no,1,open,7,P,0,41,100,0,0
7,no,no,1,open,8,N,0,65,100,0,8
7,no,no,1,open,8,S,0,60,100,0,27
7,no,no,1,open,8,P,0,59,100,0,3
7,no,no,1,open,9,N,0,71,100,0,31
7,no,no,1,open,9,S,0,30,100,0,0
7,no,no,1,open,9,P,0,38,100,0,0
7,no,no,2,open,10,N,0,5,100,0,1
7,no,no,2,open,10,S,0,26,100,0,4
7,no,no,2,open,10,P,0,15,100,0,0
7,no,no,2,open,11,N,0,70,100,0,311
7,no,no,2,open,11,S,10,40,100,0,34
7,no,no,2,open,11,P,0,9,100,0,0
7,no,no,2,open,12,N,0,35,100,0,14
7,no,no,2,open,12,S,0,28,100,0,0
7,no,no,2,open,12,P,0,9,100,0,0
7,no,no,2,open,13,N,0,46,100,0,0
7,no,no,2,open,13,S,0,15,100,0,0
7,no,no,2,open,13,P,0,6,100,0,0
7,no,no,2,open,14,N,4,51,100,0,0
7,no,no,2,open,14,S,11,18,100,0,0
7,no,no,2,open,14,P,0,26,100,0,0
7,no,no,2,open,15,N,0,78,100,0,91
7,no,no,2,open,15,S,0,8,100,0,0
7,no,no,2,open,15,P,0,17,100,0,0
7,no,no,2,open,16,N,0,40,100,0,0
7,no,no,2,open,16,S,0,9,100,0,0
7,no,no,2,open,16,P,0,29,100,0,0
7,no,no,2,open,17,N,0,43,100,0,43
7,no,no,2,open,17,S,0,29,100,0,0
7,no,no,2,open,17,P,0,58,100,0,0
7,no,no,2,open,18,N,4,50,100,0,0
7,no,no,2,open,18,S,0,58,100,0,0
7,no,no,2,open,18,P,0,39,100,0,0
7,no,no,3,open,19,N,22,74,100,0,76
7,no,no,3,open,19,S,4,41,100,0,40
7,no,no,3,open,19,P,0,32,100,0,0
7,no,no,3,open,20,N,9,27,100,0,45
7,no,no,3,open,20,S,2,53,100,0,47
7,no,no,3,open,20,P,0,24,100,0,0
7,no,no,3,open,21,N,1,81,100,0,126
7,no,no,3,open,21,S,7,38,100,0,48
7,no,no,3,open,21,P,0,23,100,0,0
7,no,no,3,open,22,N,0,47,100,0,121
7,no,no,3,open,22,S,0,14,100,0,0
7,no,no,3,open,22,P,0,38,100,0,0
7,no,no,3,open,23,N,2,23,100,0,17
7,no,no,3,open,23,S,1,28,100,0,18
7,no,no,3,open,23,P,0,31,100,0,0
7,no,no,3,open,24,N,3,61,100,0,156
7,no,no,3,open,24,S,0,31,100,0,52
7,no,no,3,open,24,P,0,59,100,0,0
7,no,no,3,open,25,N,10,37,100,0,6
7,no,no,3,open,25,S,4,63,100,0,51
7,no,no,3,open,25,P,0,72,100,0,0
7,no,no,3,open,26,N,0,69,100,0,41
7,no,no,3,open,26,S,4,55,100,0,1
7,no,no,3,open,26,P,3,31,100,0,0
7,no,no,3,open,27,N,0,56,100,0,52
7,no,no,3,open,27,S,0,89,100,0,142
7,no,no,3,open,27,P,0,71,100,0,0
7,no,no,4,open,28,N,9,70,100,0,32
7,no,no,4,open,28,S,2,71,100,0,13
7,no,no,4,open,28,P,0,26,100,0,0
7,no,no,4,open,29,N,26,65,100,0,143
7,no,no,4,open,29,S,7,49,100,0,324
7,no,no,4,open,29,P,0,79,100,0,0
7,no,no,4,open,30,N,6,73,100,0,45
7,no,no,4,open,30,S,0,51,100,0,54
7,no,no,4,open,30,P,0,23,100,0,0
7,no,no,4,open,31,N,0,87,100,0,292
7,no,no,4,open,31,S,2,86,100,0,319
7,no,no,4,open,31,P,0,6,100,0,0
7,no,no,4,open,32,N,0,13,100,0,16
7,no,no,4,open,32,S,0,9,100,0,24
7,no,no,4,open,32,P,0,69,100,0,0
7,no,no,4,open,33,N,1,78,100,0,105
7,no,no,4,open,33,S,8,68,100,0,15
7,no,no,4,open,33,P,0,55,100,0,8
7,no,no,4,open,34,N,9,44,100,0,0
7,no,no,4,open,34,S,0,28,100,0,0
7,no,no,4,open,34,P,0,30,100,0,0
7,no,no,4,open,35,N,0,49,100,0,54
7,no,no,4,open,35,S,0,16,100,0,0
7,no,no,4,open,35,P,0,27,100,0,0
7,no,no,4,open,36,N,7,58,100,0,51
7,no,no,4,open,36,S,35,62,100,0,66
7,no,no,4,open,36,P,0,39,100,0,0
10,no,no,1,open,1,N,8,61,100,0,35
10,no,no,1,open,1,S,65,27,100,0,41
10,no,no,1,open,1,P,2,49,100,0,0
10,no,no,1,open,2,N,7,84,100,0,174
10,no,no,1,open,2,S,0,50,100,0,85
10,no,no,1,open,2,P,4,48,100,0,14
10,no,no,1,open,3,N,12,74,100,0,73
10,no,no,1,open,3,S,2,8,100,0,44
10,no,no,1,open,3,P,5,57,100,0,0
10,no,no,1,open,4,N,2,66,100,0,15
10,no,no,1,open,4,S,6,43,100,0,31
10,no,no,1,open,4,P,7,27,100,0,0
10,no,no,1,open,5,N,1,0,100,0,0
10,no,no,1,open,5,S,6,0,100,1,0
10,no,no,1,open,5,P,1,0,100,0,0
10,no,no,1,open,6,N,2,0,100,0,0
10,no,no,1,open,6,S,6,0,100,0,0
10,no,no,1,open,6,P,0,0,100,0,0
10,no,no,1,open,7,N,0,38,100,0,26
10,no,no,1,open,7,S,0,36,100,0,18
10,no,no,1,open,7,P,0,3,100,0,0
10,no,no,1,open,8,N,0,62,100,0,78
10,no,no,1,open,8,S,0,58,100,0,201
10,no,no,1,open,8,P,0,0,100,0,0
10,no,no,1,open,9,N,0,58,100,0,34
10,no,no,1,open,9,S,0,57,100,0,73
10,no,no,1,open,9,P,0,25,100,0,5
10,no,no,2,open,10,N,17,34,100,0,59
10,no,no,2,open,10,S,11,39,100,0,37
10,no,no,2,open,10,P,0,36,100,0,0
10,no,no,2,open,11,N,28,72,100,1,356
10,no,no,2,open,11,S,3,33,100,0,73
10,no,no,2,open,11,P,0,0,100,0,0
10,no,no,2,open,12,N,7,41,100,0,36
10,no,no,2,open,12,S,0,67,100,0,90
10,no,no,2,open,12,P,0,6,100,0,8
10,no,no,2,open,13,N,0,28,100,0,44
10,no,no,2,open,13,S,0,2,100,0,0
10,no,no,2,open,13,P,0,64,100,0,27
10,no,no,2,open,14,N,0,6,100,0,49
10,no,no,2,open,14,S,0,0,100,0,0
10,no,no,2,open,14,P,0,9,100,0,0
10,no,no,2,open,15,N,5,86,100,0,208
10,no,no,2,open,15,S,0,29,100,0,105
10,no,no,2,open,15,P,0,58,100,0,70
10,no,no,2,open,16,N,0,35,100,0,47
10,no,no,2,open,16,S,0,63,100,0,27
10,no,no,2,open,16,P,0,0,100,0,0
10,no,no,2,open,17,N,0,74,100,0,201
10,no,no,2,open,17,S,0,85,100,0,167
10,no,no,2,open,17,P,0,48,100,0,8
10,no,no,2,open,18,N,7,32,100,1,42
10,no,no,2,open,18,S,0,57,100,0,100
10,no,no,2,open,18,P,0,4,100,0,0
10,no,no,3,open,19,N,0,58,100,0,8
10,no,no,3,open,19,S,0,19,100,0,27
10,no,no,3,open,19,P,0,46,100,0,3
10,no,no,3,open,20,N,1,27,100,0,0
10,no,no,3,open,20,S,0,21,100,0,0
10,no,no,3,open,20,P,0,20,100,0,0
10,no,no,3,open,21,N,18,39,100,0,105
10,no,no,3,open,21,S,21,47,100,0,38
10,no,no,3,open,21,P,0,18,100,0,0
10,no,no,3,open,22,N,0,35,100,0,64
10,no,no,3,open,22,S,5,58,100,0,16
10,no,no,3,open,22,P,1,37,100,0,4
10,no,no,3,open,23,N,0,0,100,0,0
10,no,no,3,open,23,S,0,0,100,0,0
10,no,no,3,open,23,P,0,0,100,0,0
10,no,no,3,open,24,N,0,0,100,0,0
10,no,no,3,open,24,S,0,8,100,0,79
10,no,no,3,open,24,P,0,5,100,0,0
10,no,no,3,open,25,N,1,78,100,0,21
10,no,no,3,open,25,S,7,81,100,0,122
10,no,no,3,open,25,P,0,21,100,0,4
10,no,no,3,open,26,N,0,25,100,0,42
10,no,no,3,open,26,S,0,44,100,0,76
10,no,no,3,open,26,P,2,41,100,0,5
10,no,no,3,open,27,N,0,38,100,0,43
10,no,no,3,open,27,S,4,55,100,0,204
10,no,no,3,open,27,P,0,2,100,0,0
10,no,no,4,open,28,N,12,58,100,0,55
10,no,no,4,open,28,S,10,28,100,0,44
10,no,no,4,open,28,P,0,31,100,0,21
10,no,no,4,open,29,N,40,18,100,0,37
10,no,no,4,open,29,S,9,44,100,0,64
10,no,no,4,open,29,P,2,64,100,3,0
10,no,no,4,open,30,N,0,7,100,0,2
10,no,no,4,open,30,S,0,34,100,0,46
10,no,no,4,open,30,P,0,2,100,0,0
10,no,no,4,open,31,N,0,34,100,0,36
10,no,no,4,open,31,S,11,38,100,0,84
10,no,no,4,open,31,P,0,23,100,0,3
10,no,no,4,open,32,N,0,70,100,0,54
10,no,no,4,open,32,S,5,57,100,0,93
10,no,no,4,open,32,P,0,1,100,0,1
10,no,no,4,open,33,N,0,41,100,0,107
10,no,no,4,open,33,S,0,85,100,0,88
10,no,no,4,open,33,P,0,46,100,0,0
10,no,no,4,open,34,N,18,64,100,2,201
10,no,no,4,open,34,S,2,78,100,0,321
10,no,no,4,open,34,P,0,0,100,0,0
10,no,no,4,open,35,N,0,31,100,0,24
10,no,no,4,open,35,S,4,52,100,0,55
10,no,no,4,open,35,P,0,38,100,0,2
10,no,no,4,open,36,N,5,72,100,0,71
10,no,no,4,open,36,S,0,58,100,0,48
10,no,no,4,open,36,P,0,3,100,0,0
17,yes,no,1,open,1,N,0,49,100,0,127
17,yes,no,1,open,1,S,0,13,100,0,2
17,yes,no,1,open,1,P,0,31,100,0,33
17,yes,no,1,open,2,N,0,40,100,0,7
17,yes,no,1,open,2,S,0,54,100,0,22
17,yes,no,1,open,2,P,9,5,100,0,2
17,yes,no,1,open,3,N,0,47,100,0,69
17,yes,no,1,open,3,S,0,71,100,0,23
17,yes,no,1,open,3,P,0,36,100,0,0
17,yes,no,1,open,4,N,0,7,100,0,0
17,yes,no,1,open,4,S,0,39,100,0,5
17,yes,no,1,open,4,P,0,37,100,0,40
17,yes,no,1,open,5,N,0,21,100,0,0
17,yes,no,1,open,5,S,0,11,100,0,0
17,yes,no,1,open,5,P,0,0,100,0,0
17,yes,no,1,open,6,N,0,29,100,0,67
17,yes,no,1,open,6,S,0,53,100,0,24
17,yes,no,1,open,6,P,0,6,100,0,0
17,yes,no,1,open,7,N,0,33,100,0,61
17,yes,no,1,open,7,S,0,30,100,0,2
17,yes,no,1,open,7,P,4,39,100,0,0
17,yes,no,1,open,8,N,0,21,100,0,21
17,yes,no,1,open,8,S,0,15,100,0,37
17,yes,no,1,open,8,P,8,53,100,0,33
17,yes,no,1,open,9,N,12,77,100,0,0
17,yes,no,1,open,9,S,3,54,100,0,26
17,yes,no,1,open,9,P,0,36,100,0,0
17,yes,no,2,open,10,N,0,6,100,0,7
17,yes,no,2,open,10,S,0,31,100,0,38
17,yes,no,2,open,10,P,12,8,100,0,4
17,yes,no,2,open,11,N,15,0,100,0,0
17,yes,no,2,open,11,S,0,0,100,0,0
17,yes,no,2,open,11,P,12,0,100,0,0
17,yes,no,2,open,12,N,0,3,100,0,0
17,yes,no,2,open,12,S,0,0,100,0,0
17,yes,no,2,open,12,P,6,35,100,0,5
17,yes,no,2,open,13,N,10,38,100,0,21
17,yes,no,2,open,13,S,0,34,100,0,2
17,yes,no,2,open,13,P,0,5,100,0,0
17,yes,no,2,open,14,N,0,46,100,0,11
17,yes,no,2,open,14,S,0,24,100,0,0
17,yes,no,2,open,14,P,0,49,100,0,2
17,yes,no,2,open,15,N,0,5,100,0,1
17,yes,no,2,open,15,S,0,14,100,0,0
17,yes,no,2,open,15,P,3,6,100,0,0
17,yes,no,2,open,16,N,0,34,100,0,0
17,yes,no,2,open,16,S,9,4,100,0,0
17,yes,no,2,open,16,P,0,47,100,0,10
17,yes,no,2,open,17,N,6,42,100,0,9
17,yes,no,2,open,17,S,0,43,100,0,4
17,yes,no,2,open,17,P,4,73,100,0,0
17,yes,no,2,open,18,N,7,16,100,0,7
17,yes,no,2,open,18,S,0,42,100,0,7
17,yes,no,2,open,18,P,0,45,100,0,0
17,yes,no,3,open,19,N,2,18,100,0,5
17,yes,no,3,open,19,S,2,0,100,0,0
17,yes,no,3,open,19,P,0,26,100,0,0
17,yes,no,3,open,20,N,0,5,100,0,0
17,yes,no,3,open,20,S,5,11,100,0,19
17,yes,no,3,open,20,P,0,52,100,0,1
17,yes,no,3,open,21,N,4,4,100,0,5
17,yes,no,3,open,21,S,0,1,100,0,0
17,yes,no,3,open,21,P,2,0,100,0,0
17,yes,no,3,open,22,N,0,11,100,0,16
17,yes,no,3,open,22,S,0,2,100,0,2
17,yes,no,3,open,22,P,0,5,100,0,5
17,yes,no,3,open,23,N,0,1,100,0,0
17,yes,no,3,open,23,S,0,0,100,0,0
17,yes,no,3,open,23,P,0,12,100,0,0
17,yes,no,3,open,24,N,0,20,100,0,26
17,yes,no,3,open,24,S,0,10,100,0,1
17,yes,no,3,open,24,P,0,40,100,0,0
17,yes,no,3,open,25,N,0,47,100,0,25
17,yes,no,3,open,25,S,0,6,100,0,0
17,yes,no,3,open,25,P,3,51,100,0,1
17,yes,no,3,open,26,N,0,18,100,0,0
17,yes,no,3,open,26,S,0,28,100,0,0
17,yes,no,3,open,26,P,0,0,100,0,0
17,yes,no,3,open,27,N,0,21,100,0,0
17,yes,no,3,open,27,S,0,35,100,0,0
17,yes,no,3,open,27,P,0,38,100,0,0
17,yes,no,4,open,28,N,0,0,100,0,0
17,yes,no,4,open,28,S,0,0,100,0,0
17,yes,no,4,open,28,P,0,0,100,0,0
17,yes,no,4,open,29,N,0,0,100,0,0
17,yes,no,4,open,29,S,0,0,100,0,0
17,yes,no,4,open,29,P,0,5,100,0,0
17,yes,no,4,open,30,N,0,20,100,0,31
17,yes,no,4,open,30,S,10,25,100,0,0
17,yes,no,4,open,30,P,6,24,100,0,0
17,yes,no,4,open,31,N,0,3,100,0,0
17,yes,no,4,open,31,S,1,6,100,0,14
17,yes,no,4,open,31,P,5,6,100,0,0
17,yes,no,4,open,32,N,0,1,100,0,0
17,yes,no,4,open,32,S,0,17,100,0,0
17,yes,no,4,open,32,P,3,32,100,0,2
17,yes,no,4,open,33,N,6,42,100,0,41
17,yes,no,4,open,33,S,0,14,100,0,16
17,yes,no,4,open,33,P,8,43,100,0,13
17,yes,no,4,open,34,N,0,0,100,0,0
17,yes,no,4,open,34,S,1,10,100,0,0
17,yes,no,4,open,34,P,0,51,100,0,15
17,yes,no,4,open,35,N,0,8,100,0,0
17,yes,no,4,open,35,S,0,29,100,0,21
17,yes,no,4,open,35,P,0,7,100,0,0
17,yes,no,4,open,36,N,0,0,100,0,0
17,yes,no,4,open,36,S,0,0,100,0,0
17,yes,no,4,open,36,P,0,0,100,0,0
21,no,no,1,open,1,N,0,36,100,0,147
21,no,no,1,open,1,S,0,26,100,0,5
21,no,no,1,open,1,P,0,0,100,0,0
21,no,no,1,open,2,N,11,31,100,0,4
21,no,no,1,open,2,S,1,76,100,0,3
21,no,no,1,open,2,P,0,95,100,0,8
21,no,no,1,open,3,N,3,51,100,0,26
21,no,no,1,open,3,S,0,32,100,0,29
21,no,no,1,open,3,P,0,74,100,0,31
21,no,no,1,open,4,N,9,93,100,0,163
21,no,no,1,open,4,S,0,55,100,0,326
21,no,no,1,open,4,P,1,94,100,0,0
21,no,no,1,open,5,N,6,92,100,0,195
21,no,no,1,open,5,S,7,15,100,2,107
21,no,no,1,open,5,P,0,69,100,0,0
21,no,no,1,open,6,N,0,78,100,0,3
21,no,no,1,open,6,S,0,39,100,0,0
21,no,no,1,open,6,P,2,38,100,0,4
21,no,no,1,open,7,N,0,19,100,0,0
21,no,no,1,open,7,S,0,15,100,0,0
21,no,no,1,open,7,P,0,0,100,0,0
21,no,no,1,open,8,N,0,91,100,0,110
21,no,no,1,open,8,S,0,41,100,0,70
21,no,no,1,open,8,P,0,71,100,0,4
21,no,no,1,open,9,N,0,21,100,0,0
21,no,no,1,open,9,S,0,46,100,0,75
21,no,no,1,open,9,P,0,69,100,0,63
21,no,no,2,open,10,N,0,48,100,0,0
21,no,no,2,open,10,S,0,0,100,0,0
21,no,no,2,open,10,P,0,0,100,0,0
21,no,no,2,open,11,N,0,23,100,0,38
21,no,no,2,open,11,S,6,28,100,0,128
21,no,no,2,open,11,P,0,5,100,0,3
21,no,no,2,open,12,N,0,64,100,0,56
21,no,no,2,open,12,S,0,19,100,0,0
21,no,no,2,open,12,P,0,33,100,0,1
21,no,no,2,open,13,N,14,36,100,0,242
21,no,no,2,open,13,S,0,54,100,0,76
21,no,no,2,open,13,P,2,38,100,0,0
21,no,no,2,open,14,N,0,12,100,0,0
21,no,no,2,open,14,S,0,30,100,0,115
21,no,no,2,open,14,P,0,10,100,0,0
21,no,no,2,open,15,N,3,56,100,0,276
21,no,no,2,open,15,S,0,23,100,0,52
21,no,no,2,open,15,P,10,26,100,0,0
21,no,no,2,open,16,N,4,78,100,0,120
21,no,no,2,open,16,S,0,75,100,0,140
21,no,no,2,open,16,P,0,91,100,0,0
21,no,no,2,open,17,N,7,41,100,0,37
21,no,no,2,open,17,S,6,21,100,0,4
21,no,no,2,open,17,P,0,62,100,0,3
21,no,no,2,open,18,N,20,51,100,0,66
21,no,no,2,open,18,S,0,15,100,0,10
21,no,no,2,open,18,P,0,99,100,0,5
21,no,no,3,open,19,N,9,89,100,0,36
21,no,no,3,open,19,S,23,25,100,0,11
21,no,no,3,open,19,P,0,14,100,0,0
21,no,no,3,open,20,N,0,0,100,0,0
21,no,no,3,open,20,S,0,51,100,0,13
21,no,no,3,open,20,P,0,0,100,0,0
21,no,no,3,open,21,N,0,0,100,0,0
21,no,no,3,open,21,S,0,0,100,0,0
21,no,no,3,open,21,P,1,59,100,0,3
21,no,no,3,open,22,N,22,53,100,0,3
21,no,no,3,open,22,S,0,22,100,0,4
21,no,no,3,open,22,P,0,24,100,0,0
21,no,no,3,open,23,N,3,83,100,0,159
21,no,no,3,open,23,S,5,33,100,0,22
21,no,no,3,open,23,P,1,4,100,0,0
21,no,no,3,open,24,N,8,81,100,0,367
21,no,no,3,open,24,S,6,62,100,0,92
21,no,no,3,open,24,P,0,62,100,0,0
21,no,no,3,open,25,N,0,63,100,0,90
21,no,no,3,open,25,S,8,62,100,0,31
21,no,no,3,open,25,P,0,81,100,0,0
21,no,no,3,open,26,N,42,6,100,0,0
21,no,no,3,open,26,S,0,40,100,0,0
21,no,no,3,open,26,P,0,96,100,0,8
21,no,no,3,open,27,N,2,78,100,0,115
21,no,no,3,open,27,S,0,40,100,0,5
21,no,no,3,open,27,P,1,29,100,0,17
21,no,no,4,open,28,N,0,27,100,0,11
21,no,no,4,open,28,S,0,5,100,0,0
21,no,no,4,open,28,P,0,6,100,0,2
21,no,no,4,open,29,N,8,1,100,0,3
21,no,no,4,open,29,S,1,23,100,0,0
21,no,no,4,open,29,P,0,6,100,0,0
21,no,no,4,open,30,N,2,31,100,0,4
21,no,no,4,open,30,S,0,40,100,0,26
21,no,no,4,open,30,P,0,12,100,0,0
21,no,no,4,open,31,N,4,28,100,0,0
21,no,no,4,open,31,S,0,39,100,0,111
21,no,no,4,open,31,P,0,12,100,0,14
21,no,no,4,open,32,N,0,51,100,0,45
21,no,no,4,open,32,S,0,32,100,0,0
21,no,no,4,open,32,P,0,23,100,0,0
21,no,no,4,open,33,N,0,48,100,0,0
21,no,no,4,open,33,S,0,28,100,0,0
21,no,no,4,open,33,P,0,9,100,0,0
21,no,no,4,open,34,N,22,42,100,0,122
21,no,no,4,open,34,S,0,91,100,0,210
21,no,no,4,open,34,P,0,38,100,0,0
21,no,no,4,open,35,N,0,48,100,0,12
21,no,no,4,open,35,S,5,37,100,0,0
21,no,no,4,open,35,P,3,31,100,0,0
21,no,no,4,open,36,N,0,41,100,0,0
21,no,no,4,open,36,S,0,5,100,0,0
21,no,no,4,open,36,P,0,0,100,0,0
22,yes,no,1,open,1,N,4,2,100,0,0
22,yes,no,1,open,1,S,0,0,100,0,0
22,yes,no,1,open,1,P,0,6,100,0,0
22,yes,no,1,open,2,N,0,0,100,0,0
22,yes,no,1,open,2,S,0,0,100,0,0
22,yes,no,1,open,2,P,0,0,100,0,0
22,yes,no,1,open,3,N,0,12,100,0,11
22,yes,no,1,open,3,S,0,13,100,0,4
22,yes,no,1,open,3,P,0,0,100,0,0
22,yes,no,1,open,4,N,0,0,100,0,0
22,yes,no,1,open,4,S,0,0,100,0,0
22,yes,no,1,open,4,P,0,0,100,0,0
22,yes,no,1,open,5,N,0,2,100,0,0
22,yes,no,1,open,5,S,0,6,100,0,0
22,yes,no,1,open,5,P,0,24,100,0,0
22,yes,no,1,open,6,N,0,16,100,0,23
22,yes,no,1,open,6,S,0,34,100,0,32
22,yes,no,1,open,6,P,0,2,100,0,0
22,yes,no,1,open,7,N,0,46,100,0,0
22,yes,no,1,open,7,S,0,5,100,0,0
22,yes,no,1,open,7,P,0,3,100,0,7
22,yes,no,1,open,8,N,8,25,100,0,0
22,yes,no,1,open,8,S,0,47,100,0,21
22,yes,no,1,open,8,P,9,27,100,0,0
22,yes,no,1,open,9,N,2,13,100,0,1
22,yes,no,1,open,9,S,0,0,100,0,0
22,yes,no,1,open,9,P,0,4,100,0,0
22,yes,no,2,open,10,N,0,0,100,0,0
22,yes,no,2,open,10,S,0,0,100,0,0
22,yes,no,2,open,10,P,0,0,100,0,0
22,yes,no,2,open,11,N,0,0,100,0,0
22,yes,no,2,open,11,S,0,6,100,0,0
22,yes,no,2,open,11,P,0,2,100,0,0
22,yes,no,2,open,12,N,0,6,100,0,3
22,yes,no,2,open,12,S,0,16,100,0,21
22,yes,no,2,open,12,P,0,36,100,0,0
22,yes,no,2,open,13,N,0,0,100,0,0
22,yes,no,2,open,13,S,0,0,100,0,0
22,yes,no,2,open,13,P,0,6,100,0,0
22,yes,no,2,open,14,N,0,41,100,0,2
22,yes,no,2,open,14,S,0,1,100,0,0
22,yes,no,2,open,14,P,3,14,100,0,0
22,yes,no,2,open,15,N,0,8,100,0,0
22,yes,no,2,open,15,S,0,27,100,0,28
22,yes,no,2,open,15,P,0,9,100,0,0
22,yes,no,2,open,16,N,0,2,100,0,0
22,yes,no,2,open,16,S,0,0,100,0,0
22,yes,no,2,open,16,P,0,34,100,0,3
22,yes,no,2,open,17,N,0,9,100,0,0
22,yes,no,2,open,17,S,0,2,100,0,1
22,yes,no,2,open,17,P,0,41,100,0,0
22,yes,no,2,open,18,N,0,2,100,0,0
22,yes,no,2,open,18,S,0,3,100,0,0
22,yes,no,2,open,18,P,0,9,100,0,0
22,yes,no,3,open,19,N,0,0,100,0,0
22,yes,no,3,open,19,S,0,0,100,0,0
22,yes,no,3,open,19,P,0,0,100,0,0
22,yes,no,3,open,20,N,0,0,100,0,0
22,yes,no,3,open,20,S,0,15,100,0,22
22,yes,no,3,open,20,P,0,20,100,0,0
22,yes,no,3,open,21,N,0,4,100,0,0
22,yes,no,3,open,21,S,0,13,100,0,3
22,yes,no,3,open,21,P,0,23,100,0,0
22,yes,no,3,open,22,N,0,19,100,0,68
22,yes,no,3,open,22,S,1,43,100,0,48
22,yes,no,3,open,22,P,0,26,100,0,1
22,yes,no,3,open,23,N,0,35,100,0,9
22,yes,no,3,open,23,S,0,29,100,0,63
22,yes,no,3,open,23,P,0,22,100,0,0
22,yes,no,3,open,24,N,0,12,100,0,3
22,yes,no,3,open,24,S,3,21,100,0,11
22,yes,no,3,open,24,P,7,9,100,0,0
22,yes,no,3,open,25,N,0,0,100,0,0
22,yes,no,3,open,25,S,0,0,100,0,0
22,yes,no,3,open,25,P,0,0,100,0,0
22,yes,no,3,open,26,N,0,0,100,0,0
22,yes,no,3,open,26,S,0,0,100,0,0
22,yes,no,3,open,26,P,0,0,100,0,0
22,yes,no,3,open,27,N,0,34,100,0,0
22,yes,no,3,open,27,S,0,0,100,0,0
22,yes,no,3,open,27,P,0,0,100,0,0
22,yes,no,4,open,28,N,0,53,100,0,38
22,yes,no,4,open,28,S,4,26,100,0,45
22,yes,no,4,open,28,P,0,25,100,0,11
22,yes,no,4,open,29,N,0,0,100,0,0
22,yes,no,4,open,29,S,0,0,100,0,0
22,yes,no,4,open,29,P,0,41,100,0,6
22,yes,no,4,open,30,N,0,30,100,0,16
22,yes,no,4,open,30,S,0,28,100,0,144
22,yes,no,4,open,30,P,0,12,100,0,0
22,yes,no,4,open,31,N,0,36,100,0,28
22,yes,no,4,open,31,S,0,16,100,0,35
22,yes,no,4,open,31,P,0,0,100,0,0
22,yes,no,4,open,32,N,0,0,100,0,0
22,yes,no,4,open,32,S,0,1,100,0,0
22,yes,no,4,open,32,P,0,16,100,0,0
22,yes,no,4,open,33,N,0,26,100,0,2
22,yes,no,4,open,33,S,0,7,100,0,3
22,yes,no,4,open,33,P,0,9,100,0,3
22,yes,no,4,open,34,N,0,31,100,0,12
22,yes,no,4,open,34,S,0,0,100,0,0
22,yes,no,4,open,34,P,0,56,100,0,30
22,yes,no,4,open,35,N,0,6,100,0,0
22,yes,no,4,open,35,S,0,34,100,0,0
22,yes,no,4,open,35,P,0,20,100,0,0
22,yes,no,4,open,36,N,0,14,100,0,0
22,yes,no,4,open,36,S,0,0,100,0,0
22,yes,no,4,open,36,P,0,0,100,0,0
30,yes,full,1,gr,1,N,50,65,100,5,0
30,yes,full,1,gr,1,S,66,26,100,17,0
30,yes,full,1,gr,1,P,55,36,100,15,0
30,yes,full,1,gr,2,N,0,21,100,0,0
30,yes,full,1,gr,2,S,10,4,100,7,0
30,yes,full,1,gr,2,P,55,8,100,25,0
30,yes,full,1,gr,3,N,0,0,100,0,0
30,yes,full,1,gr,3,S,0,0,100,0,0
30,yes,full,1,gr,3,P,54,18,100,6,0
30,yes,full,1,gr,4,N,11,40,100,3,5
30,yes,full,1,gr,4,S,0,16,100,0,0
30,yes,full,1,gr,4,P,92,70,100,31,0
30,yes,full,1,gr,5,N,29,76,100,13,0
30,yes,full,1,gr,5,S,87,82,100,4,20
30,yes,full,1,gr,5,P,93,41,100,14,0
30,yes,full,1,gr,6,N,41,25,100,36,13
30,yes,full,1,gr,6,S,34,19,100,57,35
30,yes,full,1,gr,6,P,31,82,100,9,34
30,yes,full,1,gr,7,N,40,9,100,5,0
30,yes,full,1,gr,7,S,60,8,100,7,0
30,yes,full,1,gr,7,P,9,3,100,0,0
30,yes,full,1,gr,8,N,52,10,100,4,0
30,yes,full,1,gr,8,S,0,28,100,0,0
30,yes,full,1,gr,8,P,89,24,100,9,0
30,yes,full,1,gr,9,N,41,0,100,1,0
30,yes,full,1,gr,9,S,19,0,100,0,0
30,yes,full,1,gr,9,P,92,3,100,7,0
30,yes,full,2,gr,10,N,12,5,100,4,0
30,yes,full,2,gr,10,S,15,0,100,11,0
30,yes,full,2,gr,10,P,44,4,100,27,0
30,yes,full,2,gr,11,N,48,30,100,33,0
30,yes,full,2,gr,11,S,24,33,100,21,0
30,yes,full,2,gr,11,P,78,47,100,42,0
30,yes,full,2,gr,12,N,22,13,100,16,0
30,yes,full,2,gr,12,S,21,17,100,22,7
30,yes,full,2,gr,12,P,61,62,100,28,6
30,yes,full,2,gr,13,N,3,7,100,5,0
30,yes,full,2,gr,13,S,15,0,100,14,0
30,yes,full,2,gr,13,P,19,35,100,0,6
30,yes,full,2,gr,14,N,0,0,100,0,0
30,yes,full,2,gr,14,S,0,0,100,0,0
30,yes,full,2,gr,14,P,0,0,100,0,0
30,yes,full,2,gr,15,N,0,0,100,0,0
30,yes,full,2,gr,15,S,0,0,100,0,0
30,yes,full,2,gr,15,P,0,0,100,0,0
30,yes,full,2,gr,16,N,3,0,100,0,0
30,yes,full,2,gr,16,S,13,26,100,3,0
30,yes,full,2,gr,16,P,97,12,100,3,0
30,yes,full,2,gr,17,N,96,12,100,4,0
30,yes,full,2,gr,17,S,2,0,100,0,0
30,yes,full,2,gr,17,P,3,0,100,0,0
30,yes,full,2,gr,18,N,18,27,100,2,0
30,yes,full,2,gr,18,S,35,36,100,0,0
30,yes,full,2,gr,18,P,0,0,100,0,0
30,yes,full,3,gr,19,N,0,2,100,0,0
30,yes,full,3,gr,19,S,0,0,100,0,0
30,yes,full,3,gr,19,P,9,29,100,2,0
30,yes,full,3,gr,20,N,27,61,100,18,23
30,yes,full,3,gr,20,S,10,49,100,8,0
30,yes,full,3,gr,20,P,47,55,100,6,0
30,yes,full,3,gr,21,N,0,0,100,0,0
30,yes,full,3,gr,21,S,0,0,100,0,0
30,yes,full,3,gr,21,P,0,0,100,0,0
30,yes,full,3,gr,22,N,0,0,100,0,0
30,yes,full,3,gr,22,S,0,0,100,0,0
30,yes,full,3,gr,22,P,6,1,100,14,0
30,yes,full,3,gr,23,N,0,0,100,0,0
30,yes,full,3,gr,23,S,7,0,100,4,0
30,yes,full,3,gr,23,P,17,26,100,3,41
30,yes,full,3,gr,24,N,0,0,100,0,0
30,yes,full,3,gr,24,S,0,0,100,0,0
30,yes,full,3,gr,24,P,10,1,100,3,0
30,yes,full,3,gr,25,N,57,21,100,10,0
30,yes,full,3,gr,25,S,0,0,100,0,0
30,yes,full,3,gr,25,P,68,75,100,9,10
30,yes,full,3,gr,26,N,7,5,100,0,0
30,yes,full,3,gr,26,S,2,21,100,0,0
30,yes,full,3,gr,26,P,93,27,100,5,0
30,yes,full,3,gr,27,N,26,48,100,10,5
30,yes,full,3,gr,27,S,0,0,100,0,0
30,yes,full,3,gr,27,P,39,28,100,16,0
30,yes,full,4,gr,28,N,10,32,100,4,1
30,yes,full,4,gr,28,S,23,14,100,5,0
30,yes,full,4,gr,28,P,40,39,100,4,0
30,yes,full,4,gr,29,N,0,0,100,0,0
30,yes,full,4,gr,29,S,0,0,100,0,0
30,yes,full,4,gr,29,P,0,22,100,0,4
30,yes,full,4,gr,30,N,13,22,100,5,5
30,yes,full,4,gr,30,S,14,64,100,0,5
30,yes,full,4,gr,30,P,41,36,100,11,8
30,yes,full,4,gr,31,N,24,3,100,2,0
30,yes,full,4,gr,31,S,26,43,100,4,0
30,yes,full,4,gr,31,P,40,50,100,2,0
30,yes,full,4,gr,32,N,0,55,100,0,7
30,yes,full,4,gr,32,S,9,28,100,2,0
30,yes,full,4,gr,32,P,46,55,100,23,0
30,yes,full,4,gr,33,N,47,13,100,7,0
30,yes,full,4,gr,33,S,0,3,100,0,0
30,yes,full,4,gr,33,P,53,46,100,23,0
30,yes,full,4,gr,34,N,5,39,100,0,8
30,yes,full,4,gr,34,S,28,1,100,4,0
30,yes,full,4,gr,34,P,99,10,100,19,0
30,yes,full,4,gr,35,N,0,71,100,0,0
30,yes,full,4,gr,35,S,0,0,100,0,0
30,yes,full,4,gr,35,P,0,15,100,0,0
30,yes,full,4,gr,36,N,0,14,100,0,0
30,yes,full,4,gr,36,S,9,6,100,7,4
30,yes,full,4,gr,36,P,44,23,100,41,0
31,yes,full,1,gr,1,N,0,0,100,0,0
31,yes,full,1,gr,1,S,0,0,100,0,0
31,yes,full,1,gr,1,P,7,7,100,1,0
31,yes,full,1,gr,2,N,20,33,100,5,7
31,yes,full,1,gr,2,S,25,28,100,2,0
31,yes,full,1,gr,2,P,38,85,100,2,53
31,yes,full,1,gr,3,N,0,0,100,0,0
31,yes,full,1,gr,3,S,0,1,100,0,0
31,yes,full,1,gr,3,P,58,15,100,28,0
31,yes,full,1,gr,4,N,41,29,100,2,0
31,yes,full,1,gr,4,S,28,46,100,17,0
31,yes,full,1,gr,4,P,85,62,100,0,0
31,yes,full,1,gr,5,N,0,22,100,0,12
31,yes,full,1,gr,5,S,0,3,100,0,0
31,yes,full,1,gr,5,P,1,49,100,0,5
31,yes,full,1,gr,6,N,36,52,100,5,5
31,yes,full,1,gr,6,S,47,39,100,10,14
31,yes,full,1,gr,6,P,91,37,100,4,0
31,yes,full,1,gr,7,N,39,79,100,11,21
31,yes,full,1,gr,7,S,6,36,100,1,14
31,yes,full,1,gr,7,P,44,48,100,6,2
31,yes,full,1,gr,8,N,35,26,100,11,0
31,yes,full,1,gr,8,S,9,45,100,1,11
31,yes,full,1,gr,8,P,22,54,100,0,9
31,yes,full,1,gr,9,N,58,54,100,8,5
31,yes,full,1,gr,9,S,18,85,100,4,23
31,yes,full,1,gr,9,P,41,60,100,3,19
31,yes,full,2,gr,10,N,0,34,100,0,0
31,yes,full,2,gr,10,S,0,40,100,0,15
31,yes,full,2,gr,10,P,7,52,100,0,42
31,yes,full,2,gr,11,N,0,0,100,0,0
31,yes,full,2,gr,11,S,0,26,100,0,0
31,yes,full,2,gr,11,P,0,27,100,0,0
31,yes,full,2,gr,12,N,5,34,100,0,0
31,yes,full,2,gr,12,S,1,20,100,0,0
31,yes,full,2,gr,12,P,26,71,100,1,0
31,yes,full,2,gr,13,N,14,61,100,0,8
31,yes,full,2,gr,13,S,8,37,100,0,2
31,yes,full,2,gr,13,P,21,75,100,2,0
31,yes,full,2,gr,14,N,49,38,100,10,0
31,yes,full,2,gr,14,S,29,58,100,0,9
31,yes,full,2,gr,14,P,67,73,100,0,11
31,yes,full,2,gr,15,N,17,43,100,2,0
31,yes,full,2,gr,15,S,0,1,100,0,0
31,yes,full,2,gr,15,P,25,45,100,3,12
31,yes,full,2,gr,16,N,0,10,100,0,0
31,yes,full,2,gr,16,S,0,11,100,0,5
31,yes,full,2,gr,16,P,16,41,100,6,6
31,yes,full,2,gr,17,N,0,57,100,0,12
31,yes,full,2,gr,17,S,2,34,100,0,0
31,yes,full,2,gr,17,P,10,95,100,0,29
31,yes,full,2,gr,18,N,23,39,100,2,0
31,yes,full,2,gr,18,S,3,11,100,0,0
31,yes,full,2,gr,18,P,57,81,100,7,18
31,yes,full,3,gr,19,N,34,4,100,2,0
31,yes,full,3,gr,19,S,0,7,100,0,21
31,yes,full,3,gr,19,P,42,43,100,6,29
31,yes,full,3,gr,20,N,31,81,100,5,23
31,yes,full,3,gr,20,S,7,57,100,5,6
31,yes,full,3,gr,20,P,27,63,100,2,13
31,yes,full,3,gr,21,N,11,63,100,0,0
31,yes,full,3,gr,21,S,10,27,100,4,13
31,yes,full,3,gr,21,P,12,85,100,0,17
31,yes,full,3,gr,22,N,0,13,100,0,0
31,yes,full,3,gr,22,S,13,15,100,4,0
31,yes,full,3,gr,22,P,20,3,100,3,0
31,yes,full,3,gr,23,N,0,35,100,0,11
31,yes,full,3,gr,23,S,0,2,100,0,0
31,yes,full,3,gr,23,P,85,16,100,13,0
31,yes,full,3,gr,24,N,9,3,100,0,0
31,yes,full,3,gr,24,S,12,12,100,0,7
31,yes,full,3,gr,24,P,18,42,100,0,21
31,yes,full,3,gr,25,N,0,16,100,0,0
31,yes,full,3,gr,25,S,0,35,100,0,0
31,yes,full,3,gr,25,P,12,79,100,0,24
31,yes,full,3,gr,26,N,0,40,100,0,26
31,yes,full,3,gr,26,S,27,25,100,7,23
31,yes,full,3,gr,26,P,8,76,100,2,92
31,yes,full,3,gr,27,N,22,6,100,0,0
31,yes,full,3,gr,27,S,0,6,100,0,0
31,yes,full,3,gr,27,P,0,20,100,0,0
31,yes,full,4,gr,28,N,0,10,100,0,6
31,yes,full,4,gr,28,S,0,0,100,0,0
31,yes,full,4,gr,28,P,25,72,100,5,6
31,yes,full,4,gr,29,N,21,23,100,2,0
31,yes,full,4,gr,29,S,0,22,100,0,0
31,yes,full,4,gr,29,P,34,71,100,7,2
31,yes,full,4,gr,30,N,19,51,100,0,0
31,yes,full,4,gr,30,S,4,49,100,0,5
31,yes,full,4,gr,30,P,17,30,100,0,14
31,yes,full,4,gr,31,N,15,40,100,1,0
31,yes,full,4,gr,31,S,6,27,100,0,2
31,yes,full,4,gr,31,P,1,35,100,0,3
31,yes,full,4,gr,32,N,0,49,100,0,13
31,yes,full,4,gr,32,S,0,56,100,0,16
31,yes,full,4,gr,32,P,25,99,100,2,20
31,yes,full,4,gr,33,N,0,0,100,0,0
31,yes,full,4,gr,33,S,0,0,100,0,0
31,yes,full,4,gr,33,P,1,0,100,0,0
31,yes,full,4,gr,34,N,5,44,100,0,6
31,yes,full,4,gr,34,S,0,25,100,0,0
31,yes,full,4,gr,34,P,59,6,100,8,0
31,yes,full,4,gr,35,N,19,37,100,2,11
31,yes,full,4,gr,35,S,3,0,100,0,0
31,yes,full,4,gr,35,P,5,48,100,0,2
31,yes,full,4,gr,36,N,31,60,100,33,6
31,yes,full,4,gr,36,S,5,23,100,2,3
31,yes,full,4,gr,36,P,25,72,100,0,21
32,yes,full,1,gr,1,N,8,14,100,0,0
32,yes,full,1,gr,1,S,25,26,100,0,0
32,yes,full,1,gr,1,P,58,54,100,6,0
32,yes,full,1,gr,2,N,46,89,100,0,4
32,yes,full,1,gr,2,S,0,20,100,0,17
32,yes,full,1,gr,2,P,75,76,100,0,0
32,yes,full,1,gr,3,N,0,68,100,0,3
32,yes,full,1,gr,3,S,0,14,100,0,0
32,yes,full,1,gr,3,P,42,90,100,0,18
32,yes,full,1,gr,4,N,2,17,100,0,0
32,yes,full,1,gr,4,S,0,13,100,0,0
32,yes,full,1,gr,4,P,6,69,100,0,0
32,yes,full,1,gr,5,N,25,52,100,1,0
32,yes,full,1,gr,5,S,20,91,100,2,3
32,yes,full,1,gr,5,P,53,70,100,3,2
32,yes,full,1,gr,6,N,17,64,100,5,10
32,yes,full,1,gr,6,S,6,33,100,12,0
32,yes,full,1,gr,6,P,73,71,100,2,7
32,yes,full,1,gr,7,N,0,8,100,0,0
32,yes,full,1,gr,7,S,23,15,100,0,0
32,yes,full,1,gr,7,P,17,78,100,0,5
32,yes,full,1,gr,8,N,72,50,100,0,10
32,yes,full,1,gr,8,S,70,44,100,0,0
32,yes,full,1,gr,8,P,47,85,100,0,3
32,yes,full,1,gr,9,N,0,0,100,0,0
32,yes,full,1,gr,9,S,0,10,100,0,0
32,yes,full,1,gr,9,P,31,38,100,14,12
32,yes,full,2,gr,10,N,68,74,100,21,0
32,yes,full,2,gr,10,S,52,74,100,13,0
32,yes,full,2,gr,10,P,59,78,100,24,0
32,yes,full,2,gr,11,N,47,78,100,6,13
32,yes,full,2,gr,11,S,25,24,100,0,0
32,yes,full,2,gr,11,P,79,42,100,0,0
32,yes,full,2,gr,12,N,33,55,100,7,0
32,yes,full,2,gr,12,S,2,26,100,0,0
32,yes,full,2,gr,12,P,34,28,100,0,4
32,yes,full,2,gr,13,N,34,69,100,0,0
32,yes,full,2,gr,13,S,0,43,100,0,4
32,yes,full,2,gr,13,P,42,63,100,2,7
32,yes,full,2,gr,14,N,20,12,100,0,0
32,yes,full,2,gr,14,S,21,9,100,0,0
32,yes,full,2,gr,14,P,88,63,100,0,0
32,yes,full,2,gr,15,N,11,16,100,0,0
32,yes,full,2,gr,15,S,0,17,100,0,0
32,yes,full,2,gr,15,P,34,50,100,4,2
32,yes,full,2,gr,16,N,3,57,100,0,0
32,yes,full,2,gr,16,S,10,53,100,0,5
32,yes,full,2,gr,16,P,100,31,100,4,0
32,yes,full,2,gr,17,N,49,41,100,8,13
32,yes,full,2,gr,17,S,38,42,100,3,1
32,yes,full,2,gr,17,P,42,73,100,4,19
32,yes,full,2,gr,18,N,1,93,100,0,2
32,yes,full,2,gr,18,S,0,51,100,0,0
32,yes,full,2,gr,18,P,49,75,100,2,0
32,yes,full,3,gr,19,N,3,25,100,0,0
32,yes,full,3,gr,19,S,0,8,100,0,0
32,yes,full,3,gr,19,P,92,44,100,8,0
32,yes,full,3,gr,20,N,82,41,100,26,3
32,yes,full,3,gr,20,S,60,58,100,14,0
32,yes,full,3,gr,20,P,92,44,100,21,0
32,yes,full,3,gr,21,N,48,38,100,8,0
32,yes,full,3,gr,21,S,61,56,100,7,0
32,yes,full,3,gr,21,P,83,47,100,4,0
32,yes,full,3,gr,22,N,7,12,100,3,0
32,yes,full,3,gr,22,S,2,21,100,2,0
32,yes,full,3,gr,22,P,42,54,100,6,0
32,yes,full,3,gr,23,N,6,10,100,0,0
32,yes,full,3,gr,23,S,0,36,100,0,0
32,yes,full,3,gr,23,P,94,70,100,3,0
32,yes,full,3,gr,24,N,11,7,100,0,0
32,yes,full,3,gr,24,S,0,28,100,0,0
32,yes,full,3,gr,24,P,49,65,100,0,0
32,yes,full,3,gr,25,N,7,68,100,0,0
32,yes,full,3,gr,25,S,13,0,100,0,0
32,yes,full,3,gr,25,P,74,17,100,8,0
32,yes,full,3,gr,26,N,3,0,100,0,0
32,yes,full,3,gr,26,S,0,28,100,0,0
32,yes,full,3,gr,26,P,2,0,100,0,0
32,yes,full,3,gr,27,N,33,78,100,1,0
32,yes,full,3,gr,27,S,3,63,100,0,0
32,yes,full,3,gr,27,P,37,32,100,4,0
32,yes,full,4,gr,28,N,0,0,100,0,0
32,yes,full,4,gr,28,S,0,2,100,0,0
32,yes,full,4,gr,28,P,62,26,100,5,0
32,yes,full,4,gr,29,N,59,29,100,8,0
32,yes,full,4,gr,29,S,25,20,100,0,0
32,yes,full,4,gr,29,P,93,9,100,5,0
32,yes,full,4,gr,30,N,37,54,100,2,0
32,yes,full,4,gr,30,S,28,60,100,6,0
32,yes,full,4,gr,30,P,99,49,100,1,0
32,yes,full,4,gr,31,N,37,14,100,0,0
32,yes,full,4,gr,31,S,5,27,100,0,0
32,yes,full,4,gr,31,P,82,43,100,0,0
32,yes,full,4,gr,32,N,10,27,100,8,0
32,yes,full,4,gr,32,S,3,79,100,0,0
32,yes,full,4,gr,32,P,100,73,100,13,0
32,yes,full,4,gr,33,N,1,85,100,6,0
32,yes,full,4,gr,33,S,0,3,100,0,0
32,yes,full,4,gr,33,P,7,97,100,0,8
32,yes,full,4,gr,34,N,4,18,100,0,0
32,yes,full,4,gr,34,S,24,45,100,3,0
32,yes,full,4,gr,34,P,52,64,100,5,0
32,yes,full,4,gr,35,N,19,79,100,2,10
32,yes,full,4,gr,35,S,20,61,100,4,0
32,yes,full,4,gr,35,P,45,67,100,12,12
32,yes,full,4,gr,36,N,54,45,100,7,0
32,yes,full,4,gr,36,S,88,29,100,5,11
32,yes,full,4,gr,36,P,76,0,100,5,0
33,no,full,1,gr,1,N,5,0,100,0,0
33,no,full,1,gr,1,S,4,0,100,0,0
33,no,full,1,gr,1,P,2,0,100,0,0
33,no,full,1,gr,2,N,12,0,100,0,0
33,no,full,1,gr,2,S,13,5,100,0,0
33,no,full,1,gr,2,P,13,0,100,0,0
33,no,full,1,gr,3,N,0,23,100,0,0
33,no,full,1,gr,3,S,31,29,100,0,0
33,no,full,1,gr,3,P,54,30,100,2,0
33,no,full,1,gr,4,N,42,85,100,0,0
33,no,full,1,gr,4,S,13,22,100,0,0
33,no,full,1,gr,4,P,79,40,100,14,0
33,no,full,1,gr,5,N,0,1,100,0,0
33,no,full,1,gr,5,S,1,0,100,0,0
33,no,full,1,gr,5,P,6,0,100,0,0
33,no,full,1,gr,6,N,35,1,100,0,0
33,no,full,1,gr,6,S,1,0,100,0,0
33,no,full,1,gr,6,P,4,0,100,0,0
33,no,full,1,gr,7,N,47,4,100,0,0
33,no,full,1,gr,7,S,39,4,100,0,0
33,no,full,1,gr,7,P,38,0,100,0,0
33,no,full,1,gr,8,N,29,7,100,0,0
33,no,full,1,gr,8,S,7,0,100,0,0
33,no,full,1,gr,8,P,51,22,100,0,0
33,no,full,1,gr,9,N,24,13,100,0,0
33,no,full,1,gr,9,S,38,13,100,0,0
33,no,full,1,gr,9,P,21,2,100,0,0
33,no,full,2,gr,10,N,23,0,100,0,0
33,no,full,2,gr,10,S,46,0,100,0,0
33,no,full,2,gr,10,P,37,0,100,0,0
33,no,full,2,gr,11,N,0,0,100,0,0
33,no,full,2,gr,11,S,0,0,100,0,0
33,no,full,2,gr,11,P,0,0,100,0,0
33,no,full,2,gr,12,N,2,0,100,0,0
33,no,full,2,gr,12,S,0,0,100,0,0
33,no,full,2,gr,12,P,44,29,100,0,0
33,no,full,2,gr,13,N,14,36,100,0,0
33,no,full,2,gr,13,S,0,16,100,0,0
33,no,full,2,gr,13,P,6,2,100,0,0
33,no,full,2,gr,14,N,69,26,100,0,0
33,no,full,2,gr,14,S,27,14,100,1,0
33,no,full,2,gr,14,P,99,6,100,12,0
33,no,full,2,gr,15,N,64,12,100,1,9
33,no,full,2,gr,15,S,19,9,100,7,0
33,no,full,2,gr,15,P,6,3,100,0,0
33,no,full,2,gr,16,N,39,0,100,1,0
33,no,full,2,gr,16,S,69,5,100,16,0
33,no,full,2,gr,16,P,87,2,100,12,0
33,no,full,2,gr,17,N,0,0,100,0,0
33,no,full,2,gr,17,S,0,0,100,0,0
33,no,full,2,gr,17,P,0,0,100,0,0
33,no,full,2,gr,18,N,0,2,100,0,0
33,no,full,2,gr,18,S,7,5,100,0,0
33,no,full,2,gr,18,P,27,0,100,0,0
33,no,full,3,gr,19,N,8,3,100,0,0
33,no,full,3,gr,19,S,0,1,100,0,0
33,no,full,3,gr,19,P,0,9,100,0,0
33,no,full,3,gr,20,N,1,8,100,0,0
33,no,full,3,gr,20,S,1,0,100,0,0
33,no,full,3,gr,20,P,22,25,100,2,0
33,no,full,3,gr,21,N,4,5,100,0,0
33,no,full,3,gr,21,S,7,27,100,11,0
33,no,full,3,gr,21,P,76,19,100,0,17
33,no,full,3,gr,22,N,14,41,100,2,0
33,no,full,3,gr,22,S,8,69,100,0,16
33,no,full,3,gr,22,P,64,77,100,3,16
33,no,full,3,gr,23,N,44,4,100,3,0
33,no,full,3,gr,23,S,15,4,100,2,0
33,no,full,3,gr,23,P,49,13,100,2,0
33,no,full,3,gr,24,N,58,28,100,0,0
33,no,full,3,gr,24,S,24,23,100,0,0
33,no,full,3,gr,24,P,81,44,100,12,0
33,no,full,3,gr,25,N,38,22,100,1,0
33,no,full,3,gr,25,S,4,12,100,0,0
33,no,full,3,gr,25,P,32,16,100,0,0
33,no,full,3,gr,26,N,32,15,100,0,0
33,no,full,3,gr,26,S,72,21,100,2,0
33,no,full,3,gr,26,P,21,7,100,3,0
33,no,full,3,gr,27,N,16,2,100,0,0
33,no,full,3,gr,27,S,18,21,100,0,0
33,no,full,3,gr,27,P,48,0,100,4,0
33,no,full,4,gr,28,N,14,0,100,0,0
33,no,full,4,gr,28,S,15,33,100,0,0
33,no,full,4,gr,28,P,8,8,100,0,0
33,no,full,4,gr,29,N,13,0,100,0,0
33,no,full,4,gr,29,S,19,10,100,0,0
33,no,full,4,gr,29,P,37,1,100,0,0
33,no,full,4,gr,30,N,25,22,100,0,0
33,no,full,4,gr,30,S,35,17,100,0,0
33,no,full,4,gr,30,P,7,1,100,0,0
33,no,full,4,gr,31,N,44,20,100,9,0
33,no,full,4,gr,31,S,32,56,100,16,0
33,no,full,4,gr,31,P,34,29,100,0,0
33,no,full,4,gr,32,N,43,26,100,1,0
33,no,full,4,gr,32,S,40,46,100,13,6
33,no,full,4,gr,32,P,57,86,100,2,12
33,no,full,4,gr,33,N,1,21,100,2,0
33,no,full,4,gr,33,S,2,20,100,0,0
33,no,full,4,gr,33,P,49,47,100,13,0
33,no,full,4,gr,34,N,52,14,100,0,0
33,no,full,4,gr,34,S,7,8,100,0,0
33,no,full,4,gr,34,P,32,16,100,1,0
33,no,full,4,gr,35,N,78,3,100,0,0
33,no,full,4,gr,35,S,64,14,100,3,0
33,no,full,4,gr,35,P,29,4,100,0,0
33,no,full,4,gr,36,N,85,43,100,21,0
33,no,full,4,gr,36,S,14,23,100,0,0
33,no,full,4,gr,36,P,18,46,100,5,0
34,no,full,1,gr,1,N,54,28,100,1,0
34,no,full,1,gr,1,S,70,58,100,0,0
34,no,full,1,gr,1,P,75,43,100,10,3
34,no,full,1,gr,2,N,45,49,100,7,9
34,no,full,1,gr,2,S,37,37,100,3,0
34,no,full,1,gr,2,P,94,11,100,1,0
34,no,full,1,gr,3,N,45,21,100,0,0
34,no,full,1,gr,3,S,48,76,100,0,0
34,no,full,1,gr,3,P,85,13,100,1,0
34,no,full,1,gr,4,N,30,22,100,0,0
34,no,full,1,gr,4,S,0,2,100,0,0
34,no,full,1,gr,4,P,0,0,100,0,0
34,no,full,1,gr,5,N,27,27,100,0,0
34,no,full,1,gr,5,S,87,29,100,5,0
34,no,full,1,gr,5,P,83,38,100,5,0
34,no,full,1,gr,6,N,92,82,100,4,12
34,no,full,1,gr,6,S,46,93,100,10,0
34,no,full,1,gr,6,P,98,27,100,9,0
34,no,full,1,gr,7,N,27,2,100,3,0
34,no,full,1,gr,7,S,10,0,100,0,0
34,no,full,1,gr,7,P,5,2,100,0,0
34,no,full,1,gr,8,N,65,9,100,3,0
34,no,full,1,gr,8,S,100,6,100,12,0
34,no,full,1,gr,8,P,94,23,100,4,0
34,no,full,1,gr,9,N,44,11,100,3,0
34,no,full,1,gr,9,S,35,5,100,0,0
34,no,full,1,gr,9,P,35,1,100,1,0
34,no,full,2,gr,10,N,53,10,100,1,0
34,no,full,2,gr,10,S,54,76,100,8,0
34,no,full,2,gr,10,P,71,8,100,6,0
34,no,full,2,gr,11,N,45,37,100,2,0
34,no,full,2,gr,11,S,69,53,100,6,0
34,no,full,2,gr,11,P,74,10,100,1,0
34,no,full,2,gr,12,N,64,31,100,1,0
34,no,full,2,gr,12,S,75,29,100,5,0
34,no,full,2,gr,12,P,63,26,100,4,0
34,no,full,2,gr,13,N,86,39,100,10,0
34,no,full,2,gr,13,S,91,52,100,3,2
34,no,full,2,gr,13,P,91,30,100,7,0
34,no,full,2,gr,14,N,72,59,100,9,0
34,no,full,2,gr,14,S,86,40,100,2,0
34,no,full,2,gr,14,P,87,18,100,5,0
34,no,full,2,gr,15,N,37,61,100,6,0
34,no,full,2,gr,15,S,48,64,100,13,0
34,no,full,2,gr,15,P,96,10,100,14,0
34,no,full,2,gr,16,N,29,8,100,0,0
34,no,full,2,gr,16,S,85,9,100,1,0
34,no,full,2,gr,16,P,58,19,100,4,0
34,no,full,2,gr,17,N,15,21,100,0,0
34,no,full,2,gr,17,S,23,5,100,3,0
34,no,full,2,gr,17,P,34,7,100,5,0
34,no,full,2,gr,18,N,0,0,100,0,0
34,no,full,2,gr,18,S,0,0,100,0,0
34,no,full,2,gr,18,P,0,0,100,0,0
34,no,full,3,gr,19,N,7,89,100,0,6
34,no,full,3,gr,19,S,77,46,100,9,0
34,no,full,3,gr,19,P,96,11,100,19,0
34,no,full,3,gr,20,N,82,4,100,3,0
34,no,full,3,gr,20,S,17,4,100,7,0
34,no,full,3,gr,20,P,75,4,100,28,0
34,no,full,3,gr,21,N,46,50,100,0,0
34,no,full,3,gr,21,S,98,37,100,0,0
34,no,full,3,gr,21,P,92,21,100,0,0
34,no,full,3,gr,22,N,70,52,100,2,0
34,no,full,3,gr,22,S,83,56,100,7,0
34,no,full,3,gr,22,P,94,27,100,9,0
34,no,full,3,gr,23,N,61,36,100,1,0
34,no,full,3,gr,23,S,87,29,100,26,0
34,no,full,3,gr,23,P,78,57,100,5,0
34,no,full,3,gr,24,N,24,34,100,0,0
34,no,full,3,gr,24,S,23,92,100,0,0
34,no,full,3,gr,24,P,95,29,100,0,0
34,no,full,3,gr,25,N,0,0,100,0,0
34,no,full,3,gr,25,S,1,1,100,0,0
34,no,full,3,gr,25,P,30,5,100,7,0
34,no,full,3,gr,26,N,9,5,100,0,0
34,no,full,3,gr,26,S,33,10,100,9,0
34,no,full,3,gr,26,P,34,8,100,3,0
34,no,full,3,gr,27,N,0,20,100,0,0
34,no,full,3,gr,27,S,14,71,100,0,0
34,no,full,3,gr,27,P,44,14,100,1,0
34,no,full,4,gr,28,N,7,92,100,0,0
34,no,full,4,gr,28,S,49,78,100,0,0
34,no,full,4,gr,28,P,47,52,100,0,0
34,no,full,4,gr,29,N,6,78,100,0,0
34,no,full,4,gr,29,S,39,43,100,0,0
34,no,full,4,gr,29,P,31,60,100,11,7
34,no,full,4,gr,30,N,0,46,100,0,0
34,no,full,4,gr,30,S,0,0,100,0,0
34,no,full,4,gr,30,P,22,36,100,0,0
34,no,full,4,gr,31,N,0,35,100,0,0
34,no,full,4,gr,31,S,11,19,100,0,0
34,no,full,4,gr,31,P,13,41,100,0,0
34,no,full,4,gr,32,N,0,52,100,0,0
34,no,full,4,gr,32,S,11,26,100,0,0
34,no,full,4,gr,32,P,47,29,100,1,0
34,no,full,4,gr,33,N,76,26,100,2,0
34,no,full,4,gr,33,S,31,32,100,0,0
34,no,full,4,gr,33,P,81,29,100,15,0
34,no,full,4,gr,34,N,92,18,100,8,0
34,no,full,4,gr,34,S,0,98,100,0,0
34,no,full,4,gr,34,P,65,2,100,0,0
34,no,full,4,gr,35,N,81,11,100,3,0
34,no,full,4,gr,35,S,18,25,100,0,0
34,no,full,4,gr,35,P,17,43,100,0,0
34,no,full,4,gr,36,N,11,26,100,0,0
34,no,full,4,gr,36,S,8,1,100,0,0
34,no,full,4,gr,36,P,32,6,100,2,0
35,no,full,1,gr,1,N,9,80,100,0,0
35,no,full,1,gr,1,S,0,90,100,0,19
35,no,full,1,gr,1,P,55,76,100,0,5
35,no,full,1,gr,2,N,40,88,100,0,0
35,no,full,1,gr,2,S,37,50,100,2,0
35,no,full,1,gr,2,P,97,44,100,1,0
35,no,full,1,gr,3,N,20,48,100,0,0
35,no,full,1,gr,3,S,8,23,100,0,0
35,no,full,1,gr,3,P,29,48,100,0,0
35,no,full,1,gr,4,N,47,29,100,0,0
35,no,full,1,gr,4,S,59,22,100,0,0
35,no,full,1,gr,4,P,64,36,100,0,0
35,no,full,1,gr,5,N,19,50,100,1,0
35,no,full,1,gr,5,S,12,59,100,0,0
35,no,full,1,gr,5,P,38,56,100,0,0
35,no,full,1,gr,6,N,21,3,100,0,0
35,no,full,1,gr,6,S,58,13,100,0,0
35,no,full,1,gr,6,P,98,14,100,12,0
35,no,full,1,gr,7,N,62,44,100,10,0
35,no,full,1,gr,7,S,16,59,100,0,0
35,no,full,1,gr,7,P,64,72,100,3,0
35,no,full,1,gr,8,N,15,62,100,0,0
35,no,full,1,gr,8,S,75,21,100,0,0
35,no,full,1,gr,8,P,64,18,100,0,0
35,no,full,1,gr,9,N,85,6,100,5,0
35,no,full,1,gr,9,S,50,26,100,0,0
35,no,full,1,gr,9,P,97,3,100,0,0
35,no,full,2,gr,10,N,12,76,100,0,0
35,no,full,2,gr,10,S,47,87,100,2,0
35,no,full,2,gr,10,P,21,75,100,0,0
35,no,full,2,gr,11,N,26,79,100,0,0
35,no,full,2,gr,11,S,27,68,100,0,0
35,no,full,2,gr,11,P,47,87,100,1,0
35,no,full,2,gr,12,N,30,50,100,0,0
35,no,full,2,gr,12,S,15,34,100,0,0
35,no,full,2,gr,12,P,20,40,100,0,0
35,no,full,2,gr,13,N,13,71,100,0,0
35,no,full,2,gr,13,S,9,90,100,0,6
35,no,full,2,gr,13,P,40,84,100,2,0
35,no,full,2,gr,14,N,27,53,100,0,0
35,no,full,2,gr,14,S,20,45,100,8,0
35,no,full,2,gr,14,P,36,48,100,2,0
35,no,full,2,gr,15,N,28,7,100,0,0
35,no,full,2,gr,15,S,16,5,100,0,0
35,no,full,2,gr,15,P,70,41,100,2,0
35,no,full,2,gr,16,N,30,56,100,0,0
35,no,full,2,gr,16,S,48,4,100,0,0
35,no,full,2,gr,16,P,51,76,100,4,0
35,no,full,2,gr,17,N,88,38,100,3,0
35,no,full,2,gr,17,S,46,17,100,0,0
35,no,full,2,gr,17,P,83,52,100,3,0
35,no,full,2,gr,18,N,28,9,100,1,0
35,no,full,2,gr,18,S,52,7,100,2,0
35,no,full,2,gr,18,P,61,38,100,0,0
35,no,full,3,gr,19,N,78,6,100,3,0
35,no,full,3,gr,19,S,63,32,100,0,0
35,no,full,3,gr,19,P,43,32,100,0,0
35,no,full,3,gr,20,N,23,53,100,0,0
35,no,full,3,gr,20,S,16,21,100,0,0
35,no,full,3,gr,20,P,32,22,100,0,0
35,no,full,3,gr,21,N,64,42,100,0,0
35,no,full,3,gr,21,S,43,2,100,1,0
35,no,full,3,gr,21,P,24,2,100,0,0
35,no,full,3,gr,22,N,23,2,100,0,0
35,no,full,3,gr,22,S,46,33,100,1,0
35,no,full,3,gr,22,P,12,3,100,0,0
35,no,full,3,gr,23,N,23,42,100,0,0
35,no,full,3,gr,23,S,21,42,100,0,0
35,no,full,3,gr,23,P,38,72,100,2,11
35,no,full,3,gr,24,N,32,33,100,0,0
35,no,full,3,gr,24,S,5,62,100,0,0
35,no,full,3,gr,24,P,52,2,100,2,0
35,no,full,3,gr,25,N,45,21,100,0,0
35,no,full,3,gr,25,S,45,65,100,5,0
35,no,full,3,gr,25,P,65,35,100,4,0
35,no,full,3,gr,26,N,48,16,100,1,0
35,no,full,3,gr,26,S,42,38,100,0,0
35,no,full,3,gr,26,P,43,36,100,0,0
35,no,full,3,gr,27,N,86,11,100,3,0
35,no,full,3,gr,27,S,64,31,100,2,0
35,no,full,3,gr,27,P,68,48,100,3,0
35,no,full,4,gr,28,N,41,82,100,0,1
35,no,full,4,gr,28,S,22,93,100,1,0
35,no,full,4,gr,28,P,52,25,100,0,0
35,no,full,4,gr,29,N,36,93,100,0,0
35,no,full,4,gr,29,S,12,65,100,0,5
35,no,full,4,gr,29,P,66,31,100,0,0
35,no,full,4,gr,30,N,28,45,100,0,0
35,no,full,4,gr,30,S,28,81,100,1,0
35,no,full,4,gr,30,P,79,50,100,0,0
35,no,full,4,gr,31,N,48,69,100,1,0
35,no,full,4,gr,31,S,7,95,100,0,0
35,no,full,4,gr,31,P,75,31,100,0,0
35,no,full,4,gr,32,N,29,33,100,0,0
35,no,full,4,gr,32,S,46,16,100,2,0
35,no,full,4,gr,32,P,58,89,100,4,0
35,no,full,4,gr,33,N,62,49,100,0,0
35,no,full,4,gr,33,S,66,35,100,1,0
35,no,full,4,gr,33,P,83,19,100,0,0
35,no,full,4,gr,34,N,46,23,100,0,0
35,no,full,4,gr,34,S,84,38,100,5,0
35,no,full,4,gr,34,P,7,8,100,0,0
35,no,full,4,gr,35,N,28,23,100,0,0
35,no,full,4,gr,35,S,25,24,100,0,0
35,no,full,4,gr,35,P,78,4,100,0,0
35,no,full,4,gr,36,N,78,8,100,1,0
35,no,full,4,gr,36,S,23,46,100,5,0
35,no,full,4,gr,36,P,29,3,100,0,0
5,yes,elev,gr,gr,1,N,0,78,100,0,36
5,yes,elev,gr,gr,1,S,0,47,100,0,28
5,yes,elev,gr,gr,1,P,0,12,100,0,0
5,yes,elev,gr,gr,2,N,0,40,100,0,82
5,yes,elev,gr,gr,2,S,0,40,100,0,54
5,yes,elev,gr,gr,2,P,0,39,100,0,0
5,yes,elev,gr,gr,3,N,2,82,100,0,129
5,yes,elev,gr,gr,3,S,0,63,100,0,153
5,yes,elev,gr,gr,3,P,3,21,100,0,0
5,yes,elev,gr,gr,4,N,0,68,100,0,40
5,yes,elev,gr,gr,4,S,0,72,100,0,38
5,yes,elev,gr,gr,4,P,0,36,100,0,12
5,yes,elev,gr,gr,5,N,0,76,100,0,19
5,yes,elev,gr,gr,5,S,0,76,100,0,49
5,yes,elev,gr,gr,5,P,14,38,100,0,0
5,yes,elev,N,open,1,N,4,54,100,0,115
5,yes,elev,N,open,1,S,0,79,100,0,89
5,yes,elev,N,open,1,P,5,15,100,0,0
5,yes,elev,N,open,2,N,9,14,100,0,0
5,yes,elev,N,open,2,S,0,34,100,0,178
5,yes,elev,N,open,2,P,7,4,100,0,37
5,yes,elev,N,open,3,N,0,94,100,0,321
5,yes,elev,N,open,3,S,2,41,100,0,140
5,yes,elev,N,open,3,P,20,19,100,0,0
5,yes,elev,N,open,4,N,0,7,100,0,0
5,yes,elev,N,open,4,S,0,32,100,0,63
5,yes,elev,N,open,4,P,6,45,100,0,16
5,yes,elev,N,open,5,N,1,57,100,0,103
5,yes,elev,N,open,5,S,14,40,100,0,49
5,yes,elev,N,open,5,P,6,48,100,0,69
5,yes,elev,S,open,1,N,0,87,100,0,164
5,yes,elev,S,open,1,S,0,53,100,0,153
5,yes,elev,S,open,1,P,0,5,100,0,0
5,yes,elev,S,open,2,N,0,58,100,0,103
5,yes,elev,S,open,2,S,0,35,100,0,77
5,yes,elev,S,open,2,P,0,1,100,0,0
5,yes,elev,S,open,3,N,0,0,100,0,0
5,yes,elev,S,open,3,S,0,0,100,0,0
5,yes,elev,S,open,3,P,0,0,100,0,0
5,yes,elev,S,open,4,N,0,54,100,0,270
5,yes,elev,S,open,4,S,0,18,100,0,11
5,yes,elev,S,open,4,P,0,37,100,0,10
5,yes,elev,S,open,5,N,8,63,100,0,146
5,yes,elev,S,open,5,S,0,67,100,0,85
5,yes,elev,S,open,5,P,0,41,100,0,0
5,yes,elev,gr,gr,6,N,0,0,100,0,0
5,yes,elev,gr,gr,6,S,0,0,100,0,0
5,yes,elev,gr,gr,6,P,0,15,100,0,12
5,yes,elev,gr,gr,7,N,2,21,100,0,12
5,yes,elev,gr,gr,7,S,0,17,100,0,61
5,yes,elev,gr,gr,7,P,0,39,100,0,0
5,yes,elev,gr,gr,8,N,0,0,100,0,0
5,yes,elev,gr,gr,8,S,0,0,100,0,0
5,yes,elev,gr,gr,8,P,0,29,100,0,69
5,yes,elev,gr,gr,9,N,5,0,100,0,0
5,yes,elev,gr,gr,9,S,0,16,100,0,13
5,yes,elev,gr,gr,9,P,10,16,100,0,7
5,yes,elev,gr,gr,10,N,8,7,100,0,0
5,yes,elev,gr,gr,10,S,2,12,100,0,18
5,yes,elev,gr,gr,10,P,2,0,100,0,0
5,yes,elev,N,open,6,N,0,66,100,0,488
5,yes,elev,N,open,6,S,2,31,100,0,58
5,yes,elev,N,open,6,P,3,36,100,0,0
5,yes,elev,N,open,7,N,0,95,100,0,34
5,yes,elev,N,open,7,S,0,15,100,0,109
5,yes,elev,N,open,7,P,2,65,100,0,189
5,yes,elev,N,open,8,N,0,28,100,0,39
5,yes,elev,N,open,8,S,0,52,100,0,161
5,yes,elev,N,open,8,P,11,58,100,0,118
5,yes,elev,N,open,9,N,0,19,100,0,3
5,yes,elev,N,open,9,S,0,26,100,0,117
5,yes,elev,N,open,9,P,7,28,100,0,22
5,yes,elev,N,open,10,N,4,17,100,0,102
5,yes,elev,N,open,10,S,8,47,100,0,210
5,yes,elev,N,open,10,P,9,80,100,0,108
5,yes,elev,S,open,6,N,0,30,100,0,62
5,yes,elev,S,open,6,S,0,32,100,0,63
5,yes,elev,S,open,6,P,4,68,100,0,72
5,yes,elev,S,open,7,N,0,31,100,0,48
5,yes,elev,S,open,7,S,0,11,100,0,14
5,yes,elev,S,open,7,P,6,38,100,0,4
5,yes,elev,S,open,8,N,0,21,100,0,88
5,yes,elev,S,open,8,S,0,56,100,0,133
5,yes,elev,S,open,8,P,0,29,100,0,0
5,yes,elev,S,open,9,N,0,30,100,0,19
5,yes,elev,S,open,9,S,11,5,100,0,0
5,yes,elev,S,open,9,P,5,41,100,0,3
5,yes,elev,S,open,10,N,0,71,100,0,88
5,yes,elev,S,open,10,S,14,2,100,0,0
5,yes,elev,S,open,10,P,0,5,100,0,4
5,yes,elev,gr,gr,11,N,0,20,100,0,59
5,yes,elev,gr,gr,11,S,0,45,100,0,187
5,yes,elev,gr,gr,11,P,8,65,100,0,106
5,yes,elev,gr,gr,12,N,0,64,100,0,219
5,yes,elev,gr,gr,12,S,7,65,100,0,290
5,yes,elev,gr,gr,12,P,0,29,100,0,0
5,yes,elev,gr,gr,13,N,0,21,100,0,94
5,yes,elev,gr,gr,13,S,8,12,100,0,4
5,yes,elev,gr,gr,13,P,20,40,100,0,31
5,yes,elev,gr,gr,14,N,2,6,100,0,56
5,yes,elev,gr,gr,14,S,0,33,100,0,72
5,yes,elev,gr,gr,14,P,11,33,100,0,14
5,yes,elev,gr,gr,15,N,0,29,100,0,17
5,yes,elev,gr,gr,15,S,0,43,100,0,61
5,yes,elev,gr,gr,15,P,0,71,100,0,43
5,yes,elev,N,open,11,N,11,68,100,0,261
5,yes,elev,N,open,11,S,0,59,100,0,194
5,yes,elev,N,open,11,P,22,23,100,0,19
5,yes,elev,N,open,12,N,15,17,100,0,114
5,yes,elev,N,open,12,S,12,47,100,0,428
5,yes,elev,N,open,12,P,8,57,100,0,153
5,yes,elev,N,open,13,N,0,35,100,0,121
5,yes,elev,N,open,13,S,0,65,100,0,156
5,yes,elev,N,open,13,P,0,12,100,0,0
5,yes,elev,N,open,14,N,0,69,100,0,112
5,yes,elev,N,open,14,S,2,29,100,0,37
5,yes,elev,N,open,14,P,9,62,100,0,38
5,yes,elev,N,open,15,N,0,7,100,0,92
5,yes,elev,N,open,15,S,0,67,100,0,88
5,yes,elev,N,open,15,P,0,60,100,0,270
5,yes,elev,S,open,11,N,0,48,100,0,111
5,yes,elev,S,open,11,S,0,8,100,0,12
5,yes,elev,S,open,11,P,0,45,100,0,33
5,yes,elev,S,open,12,N,0,67,100,0,297
5,yes,elev,S,open,12,S,0,48,100,0,110
5,yes,elev,S,open,12,P,0,58,100,0,19
5,yes,elev,S,open,13,N,14,36,100,0,53
5,yes,elev,S,open,13,S,0,48,100,0,243
5,yes,elev,S,open,13,P,0,50,100,0,34
5,yes,elev,S,open,14,N,4,10,100,0,0
5,yes,elev,S,open,14,S,18,5,100,0,22
5,yes,elev,S,open,14,P,0,29,100,0,6
5,yes,elev,S,open,15,N,13,31,100,0,49
5,yes,elev,S,open,15,S,12,60,100,0,240
5,yes,elev,S,open,15,P,2,76,100,0,69
5,yes,elev,gr,gr,16,N,0,48,100,0,49
5,yes,elev,gr,gr,16,S,0,10,100,0,0
5,yes,elev,gr,gr,16,P,4,37,100,0,46
5,yes,elev,gr,gr,17,N,0,43,100,0,91
5,yes,elev,gr,gr,17,S,0,57,100,0,85
5,yes,elev,gr,gr,17,P,2,8,100,0,0
5,yes,elev,gr,gr,18,N,0,27,100,0,54
5,yes,elev,gr,gr,18,S,0,34,100,0,0
5,yes,elev,gr,gr,18,P,0,0,100,0,0
5,yes,elev,gr,gr,19,N,0,34,100,0,21
5,yes,elev,gr,gr,19,S,0,33,100,0,0
5,yes,elev,gr,gr,19,P,0,13,100,0,0
5,yes,elev,gr,gr,20,N,0,16,100,0,0
5,yes,elev,gr,gr,20,S,10,81,100,0,0
5,yes,elev,gr,gr,20,P,0,52,100,0,22
5,yes,elev,N,open,16,N,0,58,100,0,105
5,yes,elev,N,open,16,S,6,69,100,0,167
5,yes,elev,N,open,16,P,3,4,100,0,0
5,yes,elev,N,open,17,N,0,36,100,0,95
5,yes,elev,N,open,17,S,0,70,100,0,99
5,yes,elev,N,open,17,P,0,12,100,0,1
5,yes,elev,N,open,18,N,8,13,100,0,0
5,yes,elev,N,open,18,S,0,58,100,0,83
5,yes,elev,N,open,18,P,5,15,100,0,1
5,yes,elev,N,open,19,N,0,77,100,0,39
5,yes,elev,N,open,19,S,0,24,100,0,51
5,yes,elev,N,open,19,P,33,44,100,0,0
5,yes,elev,N,open,20,N,0,32,100,0,36
5,yes,elev,N,open,20,S,21,38,100,0,95
5,yes,elev,N,open,20,P,63,18,100,0,0
5,yes,elev,S,open,16,N,8,13,100,1,52
5,yes,elev,S,open,16,S,0,39,100,0,37
5,yes,elev,S,open,16,P,0,4,100,0,0
5,yes,elev,S,open,17,N,0,52,100,0,98
5,yes,elev,S,open,17,S,0,53,100,0,102
5,yes,elev,S,open,17,P,0,2,100,0,0
5,yes,elev,S,open,18,N,11,26,100,1,25
5,yes,elev,S,open,18,S,0,33,100,0,40
5,yes,elev,S,open,18,P,3,0,100,0,0
5,yes,elev,S,open,19,N,0,24,100,0,22
5,yes,elev,S,open,19,S,1,57,100,0,37
5,yes,elev,S,open,19,P,7,6,100,0,0
5,yes,elev,S,open,20,N,0,49,100,0,11
5,yes,elev,S,open,20,S,0,35,100,0,60
5,yes,elev,S,open,20,P,15,13,100,0,14
6,no,elev,gr,gr,1,N,0,34,100,0,1
6,no,elev,gr,gr,1,S,0,35,100,0,6
6,no,elev,gr,gr,1,P,0,70,100,0,37
6,no,elev,gr,gr,2,N,0,42,100,0,3
6,no,elev,gr,gr,2,S,0,23,100,0,0
6,no,elev,gr,gr,2,P,0,58,100,0,22
6,no,elev,gr,gr,3,N,0,8,100,0,4
6,no,elev,gr,gr,3,S,0,11,100,0,0
6,no,elev,gr,gr,3,P,13,43,100,9,28
6,no,elev,gr,gr,4,N,0,80,100,0,46
6,no,elev,gr,gr,4,S,0,26,100,0,2
6,no,elev,gr,gr,4,P,0,89,100,0,11
6,no,elev,gr,gr,5,N,6,41,100,0,8
6,no,elev,gr,gr,5,S,0,8,100,0,25
6,no,elev,gr,gr,5,P,0,35,100,0,0
6,no,elev,N,open,1,N,0,96,100,0,271
6,no,elev,N,open,1,S,0,51,100,0,24
6,no,elev,N,open,1,P,0,37,100,0,0
6,no,elev,N,open,2,N,6,37,100,0,22
6,no,elev,N,open,2,S,4,63,100,0,70
6,no,elev,N,open,2,P,0,55,100,0,4
6,no,elev,N,open,3,N,3,80,100,0,63
6,no,elev,N,open,3,S,6,74,100,0,137
6,no,elev,N,open,3,P,0,55,100,0,14
6,no,elev,N,open,4,N,0,93,100,0,237
6,no,elev,N,open,4,S,0,71,100,0,164
6,no,elev,N,open,4,P,0,92,100,0,18
6,no,elev,N,open,5,N,7,38,100,0,42
6,no,elev,N,open,5,S,0,55,100,0,19
6,no,elev,N,open,5,P,0,81,100,0,37
6,no,elev,S,open,1,N,0,7,100,0,7
6,no,elev,S,open,1,S,0,35,100,0,31
6,no,elev,S,open,1,P,0,42,100,0,13
6,no,elev,S,open,2,N,0,16,100,0,0
6,no,elev,S,open,2,S,0,36,100,0,68
6,no,elev,S,open,2,P,0,37,100,0,0
6,no,elev,S,open,3,N,0,89,100,0,20
6,no,elev,S,open,3,S,0,32,100,0,19
6,no,elev,S,open,3,P,0,21,100,0,0
6,no,elev,S,open,4,N,6,48,100,0,122
6,no,elev,S,open,4,S,0,42,100,0,8
6,no,elev,S,open,4,P,0,39,100,0,16
6,no,elev,S,open,5,N,0,83,100,0,0
6,no,elev,S,open,5,S,0,49,100,0,47
6,no,elev,S,open,5,P,0,50,100,0,0
6,no,elev,gr,gr,6,N,2,22,100,0,1
6,no,elev,gr,gr,6,S,0,13,100,0,28
6,no,elev,gr,gr,6,P,0,54,100,0,48
6,no,elev,gr,gr,7,N,14,62,100,0,39
6,no,elev,gr,gr,7,S,7,36,100,0,1
6,no,elev,gr,gr,7,P,0,42,100,0,26
6,no,elev,gr,gr,8,N,16,48,100,0,7
6,no,elev,gr,gr,8,S,0,42,100,0,5
6,no,elev,gr,gr,8,P,0,59,100,0,9
6,no,elev,gr,gr,9,N,4,75,100,0,16
6,no,elev,gr,gr,9,S,0,16,100,0,5
6,no,elev,gr,gr,9,P,1,66,100,0,22
6,no,elev,gr,gr,10,N,24,42,100,0,25
6,no,elev,gr,gr,10,S,17,49,100,1,19
6,no,elev,gr,gr,10,P,3,63,100,0,9
6,no,elev,N,open,6,N,4,23,100,0,2
6,no,elev,N,open,6,S,1,30,100,0,0
6,no,elev,N,open,6,P,0,36,100,0,2
6,no,elev,N,open,7,N,0,28,100,0,0
6,no,elev,N,open,7,S,0,47,100,0,0
6,no,elev,N,open,7,P,1,34,100,0,0
6,no,elev,N,open,8,N,15,29,100,0,4
6,no,elev,N,open,8,S,11,19,100,0,0
6,no,elev,N,open,8,P,0,46,100,0,0
6,no,elev,N,open,9,N,5,40,100,0,0
6,no,elev,N,open,9,S,1,41,100,0,11
6,no,elev,N,open,9,P,0,35,100,0,0
6,no,elev,N,open,10,N,4,69,100,0,16
6,no,elev,N,open,10,S,4,62,100,0,2
6,no,elev,N,open,10,P,3,42,100,0,0
6,no,elev,S,open,6,N,0,6,100,0,0
6,no,elev,S,open,6,S,7,33,100,0,15
6,no,elev,S,open,6,P,0,3,100,0,0
6,no,elev,S,open,7,N,4,36,100,0,9
6,no,elev,S,open,7,S,0,6,100,0,8
6,no,elev,S,open,7,P,1,50,100,0,0
6,no,elev,S,open,8,N,6,64,100,0,4
6,no,elev,S,open,8,S,0,37,100,0,2
6,no,elev,S,open,8,P,0,26,100,0,0
6,no,elev,S,open,9,N,1,66,100,0,34
6,no,elev,S,open,9,S,0,21,100,0,4
6,no,elev,S,open,9,P,2,27,100,0,1
6,no,elev,S,open,10,N,9,56,100,0,89
6,no,elev,S,open,10,S,6,73,100,0,8
6,no,elev,S,open,10,P,0,55,100,0,1
6,no,elev,gr,gr,11,N,16,67,100,0,30
6,no,elev,gr,gr,11,S,1,72,100,0,19
6,no,elev,gr,gr,11,P,3,60,100,0,20
6,no,elev,gr,gr,12,N,0,48,100,0,0
6,no,elev,gr,gr,12,S,0,7,100,0,0
6,no,elev,gr,gr,12,P,0,62,100,0,31
6,no,elev,gr,gr,13,N,3,0,100,0,0
6,no,elev,gr,gr,13,S,0,15,100,0,0
6,no,elev,gr,gr,13,P,0,14,100,0,0
6,no,elev,gr,gr,14,N,0,65,100,0,16
6,no,elev,gr,gr,14,S,2,55,100,0,2
6,no,elev,gr,gr,14,P,2,59,100,0,13
6,no,elev,gr,gr,15,N,0,68,100,0,6
6,no,elev,gr,gr,15,S,0,30,100,0,26
6,no,elev,gr,gr,15,P,8,18,100,0,0
6,no,elev,N,open,11,N,0,0,100,0,0
6,no,elev,N,open,11,S,0,0,100,0,0
6,no,elev,N,open,11,P,0,0,100,0,0
6,no,elev,N,open,12,N,9,0,100,0,0
6,no,elev,N,open,12,S,10,0,100,0,0
6,no,elev,N,open,12,P,8,0,100,0,0
6,no,elev,N,open,13,N,1,0,100,0,0
6,no,elev,N,open,13,S,0,0,100,0,0
6,no,elev,N,open,13,P,14,0,100,0,0
6,no,elev,N,open,14,N,17,58,100,5,0
6,no,elev,N,open,14,S,0,0,100,0,0
6,no,elev,N,open,14,P,0,0,100,0,0
6,no,elev,N,open,15,N,9,48,100,0,15
6,no,elev,N,open,15,S,7,67,100,0,125
6,no,elev,N,open,15,P,12,48,100,0,0
6,no,elev,S,open,11,N,17,58,100,0,4
6,no,elev,S,open,11,S,0,57,100,0,10
6,no,elev,S,open,11,P,3,27,100,0,0
6,no,elev,S,open,12,N,8,55,100,0,68
6,no,elev,S,open,12,S,0,17,100,0,1
6,no,elev,S,open,12,P,0,11,100,0,0
6,no,elev,S,open,13,N,0,51,100,0,2
6,no,elev,S,open,13,S,3,18,100,0,0
6,no,elev,S,open,13,P,0,27,100,0,0
6,no,elev,S,open,14,N,0,36,100,0,4
6,no,elev,S,open,14,S,21,53,100,0,3
6,no,elev,S,open,14,P,0,25,100,0,0
6,no,elev,S,open,15,N,4,88,100,0,5
6,no,elev,S,open,15,S,0,67,100,0,3
6,no,elev,S,open,15,P,0,46,100,0,0
6,no,elev,gr,gr,16,N,2,34,100,4,1
6,no,elev,gr,gr,16,S,2,46,100,0,0
6,no,elev,gr,gr,16,P,5,43,100,0,0
6,no,elev,gr,gr,17,N,4,7,100,0,7
6,no,elev,gr,gr,17,S,12,18,100,0,4
6,no,elev,gr,gr,17,P,7,22,100,0,2
6,no,elev,gr,gr,18,N,4,43,100,0,15
6,no,elev,gr,gr,18,S,3,15,100,0,4
6,no,elev,gr,gr,18,P,5,39,100,0,0
6,no,elev,gr,gr,19,N,8,52,100,1,0
6,no,elev,gr,gr,19,S,3,49,100,0,0
6,no,elev,gr,gr,19,P,5,42,100,0,0
6,no,elev,gr,gr,20,N,7,22,100,0,0
6,no,elev,gr,gr,20,S,0,4,100,0,0
6,no,elev,gr,gr,20,P,0,16,100,0,0
6,no,elev,N,open,16,N,0,25,100,0,0
6,no,elev,N,open,16,S,0,62,100,0,4
6,no,elev,N,open,16,P,0,15,100,0,0
6,no,elev,N,open,17,N,0,34,100,0,0
6,no,elev,N,open,17,S,2,43,100,0,0
6,no,elev,N,open,17,P,0,44,100,0,0
6,no,elev,N,open,18,N,2,23,100,0,0
6,no,elev,N,open,18,S,6,7,100,0,0
6,no,elev,N,open,18,P,0,0,100,0,0
6,no,elev,N,open,19,N,0,14,100,0,0
6,no,elev,N,open,19,S,3,39,100,0,0
6,no,elev,N,open,19,P,0,51,100,0,0
6,no,elev,N,open,20,N,0,15,100,0,0
6,no,elev,N,open,20,S,0,29,100,0,0
6,no,elev,N,open,20,P,0,4,100,0,0
6,no,elev,S,open,16,N,2,34,100,0,14
6,no,elev,S,open,16,S,0,15,100,0,0
6,no,elev,S,open,16,P,0,37,100,0,0
6,no,elev,S,open,17,N,9,32,100,0,5
6,no,elev,S,open,17,S,0,38,100,0,0
6,no,elev,S,open,17,P,0,19,100,0,0
6,no,elev,S,open,18,N,10,78,100,0,7
6,no,elev,S,open,18,S,12,7,100,0,22
6,no,elev,S,open,18,P,3,53,100,0,19
6,no,elev,S,open,19,N,0,28,100,0,0
6,no,elev,S,open,19,S,0,26,100,0,10
6,no,elev,S,open,19,P,5,35,100,0,0
6,no,elev,S,open,20,N,19,73,100,3,1
6,no,elev,S,open,20,S,3,3,100,0,0
6,no,elev,S,open,20,P,0,54,100,0,0
9,no,elev,gr,gr,1,N,16,23,100,0,9
9,no,elev,gr,gr,1,S,25,26,100,2,0
9,no,elev,gr,gr,1,P,22,56,100,0,44
9,no,elev,gr,gr,2,N,25,70,100,1,32
9,no,elev,gr,gr,2,S,43,42,100,3,42
9,no,elev,gr,gr,2,P,42,61,100,5,15
9,no,elev,gr,gr,3,N,21,42,100,3,13
9,no,elev,gr,gr,3,S,2,44,100,0,12
9,no,elev,gr,gr,3,P,39,31,100,1,30
9,no,elev,gr,gr,4,N,14,67,100,0,2
9,no,elev,gr,gr,4,S,25,47,100,0,65
9,no,elev,gr,gr,4,P,31,42,100,0,58
9,no,elev,gr,gr,5,N,21,54,100,3,4
9,no,elev,gr,gr,5,S,23,44,100,0,0
9,no,elev,gr,gr,5,P,54,47,100,0,5
9,no,elev,N,open,1,N,26,5,100,0,12
9,no,elev,N,open,1,S,33,34,100,0,83
9,no,elev,N,open,1,P,0,47,100,0,9
9,no,elev,N,open,2,N,15,34,100,0,116
9,no,elev,N,open,2,S,29,9,100,0,39
9,no,elev,N,open,2,P,0,40,100,0,1
9,no,elev,N,open,3,N,24,51,100,0,76
9,no,elev,N,open,3,S,59,17,100,0,52
9,no,elev,N,open,3,P,7,49,100,0,3
9,no,elev,N,open,4,N,25,46,100,0,66
9,no,elev,N,open,4,S,37,47,100,0,55
9,no,elev,N,open,4,P,4,47,100,0,12
9,no,elev,N,open,5,N,6,54,100,0,9
9,no,elev,N,open,5,S,16,41,100,0,11
9,no,elev,N,open,5,P,17,53,100,0,9
9,no,elev,S,open,1,N,29,51,100,3,82
9,no,elev,S,open,1,S,8,75,100,2,25
9,no,elev,S,open,1,P,22,31,100,0,16
9,no,elev,S,open,2,N,38,77,100,5,104
9,no,elev,S,open,2,S,34,40,100,0,64
9,no,elev,S,open,2,P,35,58,100,0,101
9,no,elev,S,open,3,N,48,27,100,16,61
9,no,elev,S,open,3,S,14,30,100,0,43
9,no,elev,S,open,3,P,4,66,100,0,42
9,no,elev,S,open,4,N,72,61,100,11,78
9,no,elev,S,open,4,S,37,55,100,8,66
9,no,elev,S,open,4,P,17,65,100,0,58
9,no,elev,S,open,5,N,22,32,100,20,108
9,no,elev,S,open,5,S,16,26,100,0,48
9,no,elev,S,open,5,P,8,54,100,0,11
9,no,elev,gr,gr,6,N,8,17,100,0,7
9,no,elev,gr,gr,6,S,0,46,100,0,0
9,no,elev,gr,gr,6,P,39,30,100,6,59
9,no,elev,gr,gr,7,N,6,6,100,0,10
9,no,elev,gr,gr,7,S,0,0,100,0,0
9,no,elev,gr,gr,7,P,10,7,100,0,3
9,no,elev,gr,gr,8,N,12,65,100,0,39
9,no,elev,gr,gr,8,S,0,54,100,0,107
9,no,elev,gr,gr,8,P,0,41,100,0,98
9,no,elev,gr,gr,9,N,27,54,100,4,31
9,no,elev,gr,gr,9,S,11,65,100,0,36
9,no,elev,gr,gr,9,P,18,16,100,0,0
9,no,elev,gr,gr,10,N,20,63,100,10,82
9,no,elev,gr,gr,10,S,23,54,100,1,76
9,no,elev,gr,gr,10,P,29,67,100,0,0
9,no,elev,N,open,6,N,7,61,100,0,65
9,no,elev,N,open,6,S,0,39,100,0,23
9,no,elev,N,open,6,P,0,45,100,0,1
9,no,elev,N,open,7,N,4,47,100,0,23
9,no,elev,N,open,7,S,26,6,100,0,11
9,no,elev,N,open,7,P,0,41,100,0,2
9,no,elev,N,open,8,N,11,43,100,0,174
9,no,elev,N,open,8,S,15,46,100,0,154
9,no,elev,N,open,8,P,0,18,100,0,0
9,no,elev,N,open,9,N,31,73,100,1,70
9,no,elev,N,open,9,S,20,91,100,1,184
9,no,elev,N,open,9,P,0,54,100,0,6
9,no,elev,N,open,10,N,21,37,100,0,87
9,no,elev,N,open,10,S,35,45,100,0,4
9,no,elev,N,open,10,P,2,37,100,0,0
9,no,elev,S,open,6,N,9,81,100,0,203
9,no,elev,S,open,6,S,9,55,100,0,26
9,no,elev,S,open,6,P,10,13,100,0,2
9,no,elev,S,open,7,N,3,64,100,0,161
9,no,elev,S,open,7,S,12,91,100,4,289
9,no,elev,S,open,7,P,6,44,100,0,12
9,no,elev,S,open,8,N,4,98,100,19,76
9,no,elev,S,open,8,S,8,49,100,7,283
9,no,elev,S,open,8,P,16,13,100,0,55
9,no,elev,S,open,9,N,7,66,100,0,30
9,no,elev,S,open,9,S,22,37,100,0,2
9,no,elev,S,open,9,P,42,42,100,0,76
9,no,elev,S,open,10,N,14,54,100,3,134
9,no,elev,S,open,10,S,26,57,100,9,44
9,no,elev,S,open,10,P,19,31,100,0,6
9,no,elev,gr,gr,11,N,13,54,100,1,33
9,no,elev,gr,gr,11,S,2,53,100,3,43
9,no,elev,gr,gr,11,P,22,43,100,0,22
9,no,elev,gr,gr,12,N,14,77,100,5,54
9,no,elev,gr,gr,12,S,5,36,100,0,13
9,no,elev,gr,gr,12,P,21,96,100,0,107
9,no,elev,gr,gr,13,N,11,60,100,5,34
9,no,elev,gr,gr,13,S,11,19,100,4,4
9,no,elev,gr,gr,13,P,41,68,100,1,44
9,no,elev,gr,gr,14,N,20,58,100,9,30
9,no,elev,gr,gr,14,S,22,58,100,2,8
9,no,elev,gr,gr,14,P,24,6,100,8,0
9,no,elev,gr,gr,15,N,13,84,100,1,71
9,no,elev,gr,gr,15,S,28,44,100,5,33
9,no,elev,gr,gr,15,P,20,76,100,4,94
9,no,elev,N,open,11,N,15,86,100,4,184
9,no,elev,N,open,11,S,6,34,100,0,54
9,no,elev,N,open,11,P,9,25,100,0,16
9,no,elev,N,open,12,N,26,51,100,0,82
9,no,elev,N,open,12,S,7,36,100,0,19
9,no,elev,N,open,12,P,1,9,100,0,0
9,no,elev,N,open,13,N,9,36,100,0,17
9,no,elev,N,open,13,S,13,37,100,0,5
9,no,elev,N,open,13,P,1,16,100,0,0
9,no,elev,N,open,14,N,7,55,100,0,47
9,no,elev,N,open,14,S,26,44,100,0,114
9,no,elev,N,open,14,P,9,34,100,0,0
9,no,elev,N,open,15,N,6,50,100,0,37
9,no,elev,N,open,15,S,13,6,100,0,0
9,no,elev,N,open,15,P,0,45,100,0,5
9,no,elev,S,open,11,N,47,16,100,8,0
9,no,elev,S,open,11,S,8,22,100,0,15
9,no,elev,S,open,11,P,5,61,100,0,8
9,no,elev,S,open,12,N,11,50,100,0,51
9,no,elev,S,open,12,S,32,59,100,0,142
9,no,elev,S,open,12,P,5,37,100,0,11
9,no,elev,S,open,13,N,7,68,100,0,150
9,no,elev,S,open,13,S,0,33,100,0,54
9,no,elev,S,open,13,P,0,21,100,0,6
9,no,elev,S,open,14,N,20,27,100,0,12
9,no,elev,S,open,14,S,19,31,100,8,48
9,no,elev,S,open,14,P,4,67,100,0,9
9,no,elev,S,open,15,N,18,88,100,8,145
9,no,elev,S,open,15,S,10,37,100,5,58
9,no,elev,S,open,15,P,11,25,100,0,0
9,no,elev,gr,gr,16,N,21,13,100,0,0
9,no,elev,gr,gr,16,S,0,0,100,0,0
9,no,elev,gr,gr,16,P,24,49,100,2,12
9,no,elev,gr,gr,17,N,0,28,100,0,4
9,no,elev,gr,gr,17,S,5,14,100,8,0
9,no,elev,gr,gr,17,P,15,48,100,4,47
9,no,elev,gr,gr,18,N,20,22,100,1,0
9,no,elev,gr,gr,18,S,4,15,100,2,3
9,no,elev,gr,gr,18,P,4,34,100,2,1
9,no,elev,gr,gr,19,N,54,32,100,11,17
9,no,elev,gr,gr,19,S,20,11,100,6,5
9,no,elev,gr,gr,19,P,68,6,100,0,0
9,no,elev,gr,gr,20,N,32,24,100,16,0
9,no,elev,gr,gr,20,S,3,6,100,0,0
9,no,elev,gr,gr,20,P,30,23,100,1,0
9,no,elev,N,open,16,N,18,10,100,0,3
9,no,elev,N,open,16,S,22,16,100,0,19
9,no,elev,N,open,16,P,3,9,100,0,0
9,no,elev,N,open,17,N,5,92,100,0,152
9,no,elev,N,open,17,S,24,17,100,1,49
9,no,elev,N,open,17,P,0,59,100,0,9
9,no,elev,N,open,18,N,6,89,100,0,9
9,no,elev,N,open,18,S,18,25,100,0,5
9,no,elev,N,open,18,P,0,34,100,0,6
9,no,elev,N,open,19,N,73,53,100,0,109
9,no,elev,N,open,19,S,29,43,100,0,79
9,no,elev,N,open,19,P,20,27,100,0,12
9,no,elev,N,open,20,N,27,85,100,0,304
9,no,elev,N,open,20,S,24,47,100,2,15
9,no,elev,N,open,20,P,18,47,100,0,10
9,no,elev,S,open,16,N,5,38,100,0,25
9,no,elev,S,open,16,S,0,79,100,0,7
9,no,elev,S,open,16,P,0,32,100,0,10
9,no,elev,S,open,17,N,17,58,100,0,47
9,no,elev,S,open,17,S,5,44,100,0,62
9,no,elev,S,open,17,P,14,28,100,0,12
9,no,elev,S,open,18,N,22,9,100,0,0
9,no,elev,S,open,18,S,10,9,100,0,9
9,no,elev,S,open,18,P,0,15,100,0,0
9,no,elev,S,open,19,N,38,63,100,0,32
9,no,elev,S,open,19,S,7,66,100,0,15
9,no,elev,S,open,19,P,24,52,100,0,0
9,no,elev,S,open,20,N,37,75,100,0,63
9,no,elev,S,open,20,S,61,67,100,0,97
9,no,elev,S,open,20,P,28,69,100,0,21
11,yes,elev,gr,gr,1,N,0,0,100,0,0
11,yes,elev,gr,gr,1,S,0,0,100,0,0
11,yes,elev,gr,gr,1,P,0,0,100,0,0
11,yes,elev,gr,gr,2,N,0,0,100,0,0
11,yes,elev,gr,gr,2,S,0,0,100,0,0
11,yes,elev,gr,gr,2,P,0,0,100,0,0
11,yes,elev,gr,gr,3,N,0,0,100,0,0
11,yes,elev,gr,gr,3,S,0,0,100,0,0
11,yes,elev,gr,gr,3,P,14,28,100,0,18
11,yes,elev,gr,gr,4,N,0,42,100,0,3
11,yes,elev,gr,gr,4,S,0,7,100,0,0
11,yes,elev,gr,gr,4,P,3,13,100,0,0
11,yes,elev,gr,gr,5,N,0,42,100,0,0
11,yes,elev,gr,gr,5,S,3,74,100,0,70
11,yes,elev,gr,gr,5,P,30,53,100,0,4
11,yes,elev,N,open,1,N,15,47,100,0,37
11,yes,elev,N,open,1,S,7,42,100,0,156
11,yes,elev,N,open,1,P,8,42,100,0,13
11,yes,elev,N,open,2,N,0,49,100,0,65
11,yes,elev,N,open,2,S,7,52,100,0,100
11,yes,elev,N,open,2,P,28,10,100,0,0
11,yes,elev,N,open,3,N,6,48,100,0,21
11,yes,elev,N,open,3,S,2,34,100,0,47
11,yes,elev,N,open,3,P,5,35,100,0,0
11,yes,elev,N,open,4,N,33,17,100,0,0
11,yes,elev,N,open,4,S,30,22,100,0,11
11,yes,elev,N,open,4,P,18,24,100,0,0
11,yes,elev,N,open,5,N,11,72,100,0,42
11,yes,elev,N,open,5,S,14,50,100,0,61
11,yes,elev,N,open,5,P,14,31,100,0,0
11,yes,elev,S,open,1,N,0,0,100,0,0
11,yes,elev,S,open,1,S,0,0,100,0,0
11,yes,elev,S,open,1,P,7,0,100,0,0
11,yes,elev,S,open,2,N,11,25,100,0,20
11,yes,elev,S,open,2,S,0,50,100,0,39
11,yes,elev,S,open,2,P,2,36,100,0,8
11,yes,elev,S,open,3,N,0,58,100,0,65
11,yes,elev,S,open,3,S,8,39,100,0,84
11,yes,elev,S,open,3,P,4,23,100,0,15
11,yes,elev,S,open,4,N,18,49,100,0,69
11,yes,elev,S,open,4,S,4,64,100,0,236
11,yes,elev,S,open,4,P,5,28,100,0,0
11,yes,elev,S,open,5,N,4,69,100,0,16
11,yes,elev,S,open,5,S,0,63,100,0,207
11,yes,elev,S,open,5,P,21,7,100,0,0
11,yes,elev,gr,gr,6,N,6,13,100,0,0
11,yes,elev,gr,gr,6,S,0,39,100,0,62
11,yes,elev,gr,gr,6,P,22,52,100,0,14
11,yes,elev,gr,gr,7,N,0,21,100,0,24
11,yes,elev,gr,gr,7,S,0,41,100,0,9
11,yes,elev,gr,gr,7,P,4,59,100,0,19
11,yes,elev,gr,gr,8,N,0,22,100,0,43
11,yes,elev,gr,gr,8,S,18,0,100,0,0
11,yes,elev,gr,gr,8,P,0,92,100,0,132
11,yes,elev,gr,gr,9,N,0,3,100,0,0
11,yes,elev,gr,gr,9,S,0,1,100,0,0
11,yes,elev,gr,gr,9,P,0,56,100,0,5
11,yes,elev,gr,gr,10,N,0,67,100,0,34
11,yes,elev,gr,gr,10,S,0,30,100,0,0
11,yes,elev,gr,gr,10,P,9,60,100,0,9
11,yes,elev,N,open,6,N,0,31,100,0,68
11,yes,elev,N,open,6,S,0,58,100,0,87
11,yes,elev,N,open,6,P,15,4,100,0,0
11,yes,elev,N,open,7,N,0,21,100,0,19
11,yes,elev,N,open,7,S,0,42,100,0,28
11,yes,elev,N,open,7,P,0,11,100,0,0
11,yes,elev,N,open,8,N,12,36,100,0,9
11,yes,elev,N,open,8,S,0,33,100,0,2
11,yes,elev,N,open,8,P,0,37,100,0,0
11,yes,elev,N,open,9,N,12,42,100,0,16
11,yes,elev,N,open,9,S,0,59,100,0,23
11,yes,elev,N,open,9,P,0,42,100,0,0
11,yes,elev,N,open,10,N,0,73,100,0,71
11,yes,elev,N,open,10,S,0,57,100,0,61
11,yes,elev,N,open,10,P,4,47,100,0,0
11,yes,elev,S,open,6,N,3,17,100,0,19
11,yes,elev,S,open,6,S,17,15,100,0,86
11,yes,elev,S,open,6,P,26,9,100,0,4
11,yes,elev,S,open,7,N,10,28,100,0,146
11,yes,elev,S,open,7,S,0,22,100,0,20
11,yes,elev,S,open,7,P,1,10,100,0,0
11,yes,elev,S,open,8,N,0,32,100,0,158
11,yes,elev,S,open,8,S,0,4,100,0,13
11,yes,elev,S,open,8,P,11,15,100,0,17
11,yes,elev,S,open,9,N,18,49,100,1,8
11,yes,elev,S,open,9,S,0,18,100,0,62
11,yes,elev,S,open,9,P,5,33,100,0,0
11,yes,elev,S,open,10,N,10,10,100,0,5
11,yes,elev,S,open,10,S,0,26,100,0,38
11,yes,elev,S,open,10,P,9,25,100,0,4
11,yes,elev,gr,gr,11,N,0,63,100,0,108
11,yes,elev,gr,gr,11,S,11,41,100,0,275
11,yes,elev,gr,gr,11,P,46,5,100,0,0
11,yes,elev,gr,gr,12,N,0,46,100,0,39
11,yes,elev,gr,gr,12,S,16,27,100,0,40
11,yes,elev,gr,gr,12,P,15,34,100,0,9
11,yes,elev,gr,gr,13,N,4,48,100,0,346
11,yes,elev,gr,gr,13,S,0,15,100,0,15
11,yes,elev,gr,gr,13,P,0,81,100,0,120
11,yes,elev,gr,gr,14,N,16,64,100,0,76
11,yes,elev,gr,gr,14,S,5,46,100,1,131
11,yes,elev,gr,gr,14,P,14,41,100,0,61
11,yes,elev,gr,gr,15,N,0,21,100,0,7
11,yes,elev,gr,gr,15,S,0,69,100,0,203
11,yes,elev,gr,gr,15,P,6,74,100,0,70
11,yes,elev,N,open,11,N,0,13,100,0,27
11,yes,elev,N,open,11,S,0,43,100,0,288
11,yes,elev,N,open,11,P,0,36,100,0,51
11,yes,elev,N,open,12,N,29,17,100,0,30
11,yes,elev,N,open,12,S,5,67,100,0,206
11,yes,elev,N,open,12,P,9,12,100,0,0
11,yes,elev,N,open,13,N,14,47,100,0,151
11,yes,elev,N,open,13,S,16,36,100,0,95
11,yes,elev,N,open,13,P,17,9,100,0,7
11,yes,elev,N,open,14,N,0,87,100,0,16
11,yes,elev,N,open,14,S,15,24,100,0,33
11,yes,elev,N,open,14,P,0,47,100,0,1
11,yes,elev,N,open,15,N,0,42,100,0,26
11,yes,elev,N,open,15,S,0,40,100,0,14
11,yes,elev,N,open,15,P,0,0,100,0,0
11,yes,elev,S,open,11,N,0,52,100,0,84
11,yes,elev,S,open,11,S,9,31,100,0,87
11,yes,elev,S,open,11,P,6,26,100,0,0
11,yes,elev,S,open,12,N,0,37,100,0,159
11,yes,elev,S,open,12,S,0,51,100,0,167
11,yes,elev,S,open,12,P,8,21,100,0,24
11,yes,elev,S,open,13,N,16,33,100,0,42
11,yes,elev,S,open,13,S,13,31,100,0,45
11,yes,elev,S,open,13,P,6,8,100,0,0
11,yes,elev,S,open,14,N,16,48,100,0,96
11,yes,elev,S,open,14,S,4,56,100,0,117
11,yes,elev,S,open,14,P,2,41,100,0,18
11,yes,elev,S,open,15,N,0,66,100,0,32
11,yes,elev,S,open,15,S,20,22,100,0,8
11,yes,elev,S,open,15,P,31,18,100,0,0
11,yes,elev,gr,gr,16,N,0,33,100,0,62
11,yes,elev,gr,gr,16,S,0,24,100,0,22
11,yes,elev,gr,gr,16,P,15,63,100,0,8
11,yes,elev,gr,gr,17,N,0,35,100,0,68
11,yes,elev,gr,gr,17,S,0,4,100,0,5
11,yes,elev,gr,gr,17,P,1,50,100,0,60
11,yes,elev,gr,gr,18,N,0,0,100,0,0
11,yes,elev,gr,gr,18,S,0,19,100,0,29
11,yes,elev,gr,gr,18,P,0,37,100,0,57
11,yes,elev,gr,gr,19,N,0,14,100,0,1
11,yes,elev,gr,gr,19,S,0,31,100,0,0
11,yes,elev,gr,gr,19,P,0,36,100,0,93
11,yes,elev,gr,gr,20,N,0,68,100,0,33
11,yes,elev,gr,gr,20,S,0,11,100,0,0
11,yes,elev,gr,gr,20,P,0,44,100,0,18
11,yes,elev,N,open,16,N,0,53,100,0,77
11,yes,elev,N,open,16,S,0,30,100,0,9
11,yes,elev,N,open,16,P,2,16,100,0,25
11,yes,elev,N,open,17,N,2,28,100,0,3
11,yes,elev,N,open,17,S,0,9,100,0,0
11,yes,elev,N,open,17,P,0,18,100,0,0
11,yes,elev,N,open,18,N,0,23,100,0,4
11,yes,elev,N,open,18,S,0,27,100,0,1
11,yes,elev,N,open,18,P,5,19,100,0,19
11,yes,elev,N,open,19,N,7,25,100,0,2
11,yes,elev,N,open,19,S,0,36,100,0,23
11,yes,elev,N,open,19,P,0,81,100,0,15
11,yes,elev,N,open,20,N,0,72,100,0,71
11,yes,elev,N,open,20,S,0,12,100,0,0
11,yes,elev,N,open,20,P,1,21,100,0,0
11,yes,elev,S,open,16,N,15,3,100,0,5
11,yes,elev,S,open,16,S,0,4,100,0,0
11,yes,elev,S,open,16,P,0,23,100,0,34
11,yes,elev,S,open,17,N,0,0,100,0,0
11,yes,elev,S,open,17,S,0,24,100,0,2
11,yes,elev,S,open,17,P,2,71,100,0,27
11,yes,elev,S,open,18,N,0,38,100,0,59
11,yes,elev,S,open,18,S,0,11,100,0,2
11,yes,elev,S,open,18,P,0,13,100,0,0
11,yes,elev,S,open,19,N,27,51,100,0,0
11,yes,elev,S,open,19,S,10,52,100,0,0
11,yes,elev,S,open,19,P,10,20,100,0,0
11,yes,elev,S,open,20,N,73,35,100,0,17
11,yes,elev,S,open,20,S,42,58,100,0,44
11,yes,elev,S,open,20,P,18,19,100,0,0
12,yes,elev,gr,gr,1,N,6,2,100,0,0
12,yes,elev,gr,gr,1,S,0,0,100,0,0
12,yes,elev,gr,gr,1,P,8,11,100,0,0
12,yes,elev,gr,gr,2,N,6,22,100,1,4
12,yes,elev,gr,gr,2,S,9,20,100,0,5
12,yes,elev,gr,gr,2,P,34,0,100,0,0
12,yes,elev,gr,gr,3,N,6,39,100,0,35
12,yes,elev,gr,gr,3,S,32,0,100,19,0
12,yes,elev,gr,gr,3,P,70,12,100,0,7
12,yes,elev,gr,gr,4,N,0,0,100,0,0
12,yes,elev,gr,gr,4,S,0,0,100,0,0
12,yes,elev,gr,gr,4,P,0,0,100,0,0
12,yes,elev,gr,gr,5,N,3,0,100,0,0
12,yes,elev,gr,gr,5,S,9,0,100,0,0
12,yes,elev,gr,gr,5,P,4,0,100,0,0
12,yes,elev,N,open,1,N,0,68,100,0,219
12,yes,elev,N,open,1,S,2,31,100,0,18
12,yes,elev,N,open,1,P,0,66,100,0,4
12,yes,elev,N,open,2,N,0,3,100,0,0
12,yes,elev,N,open,2,S,5,36,100,0,70
12,yes,elev,N,open,2,P,0,73,100,0,48
12,yes,elev,N,open,3,N,0,45,100,0,27
12,yes,elev,N,open,3,S,0,20,100,0,21
12,yes,elev,N,open,3,P,12,32,100,0,4
12,yes,elev,N,open,4,N,0,74,100,0,126
12,yes,elev,N,open,4,S,0,72,100,0,198
12,yes,elev,N,open,4,P,7,48,100,0,0
12,yes,elev,N,open,5,N,0,34,100,0,13
12,yes,elev,N,open,5,S,0,42,100,0,12
12,yes,elev,N,open,5,P,1,76,100,0,14
12,yes,elev,S,open,1,N,0,15,100,0,0
12,yes,elev,S,open,1,S,0,18,100,0,11
12,yes,elev,S,open,1,P,9,3,100,0,0
12,yes,elev,S,open,2,N,0,0,100,0,0
12,yes,elev,S,open,2,S,6,18,100,0,36
12,yes,elev,S,open,2,P,2,31,100,0,11
12,yes,elev,S,open,3,N,0,0,100,0,0
12,yes,elev,S,open,3,S,0,0,100,0,0
12,yes,elev,S,open,3,P,0,5,100,0,0
12,yes,elev,S,open,4,N,0,11,100,0,1
12,yes,elev,S,open,4,S,0,58,100,0,93
12,yes,elev,S,open,4,P,0,42,100,0,0
12,yes,elev,S,open,5,N,0,78,100,0,31
12,yes,elev,S,open,5,S,0,35,100,0,16
12,yes,elev,S,open,5,P,0,11,100,0,0
12,yes,elev,gr,gr,6,N,0,47,100,0,40
12,yes,elev,gr,gr,6,S,0,0,100,0,0
12,yes,elev,gr,gr,6,P,11,25,100,0,0
12,yes,elev,gr,gr,7,N,0,15,100,0,12
12,yes,elev,gr,gr,7,S,0,47,100,0,146
12,yes,elev,gr,gr,7,P,13,48,100,1,64
12,yes,elev,gr,gr,8,N,4,19,100,0,13
12,yes,elev,gr,gr,8,S,0,34,100,0,36
12,yes,elev,gr,gr,8,P,15,5,100,0,0
12,yes,elev,gr,gr,9,N,0,62,100,0,1
12,yes,elev,gr,gr,9,S,0,41,100,0,43
12,yes,elev,gr,gr,9,P,6,64,100,0,21
12,yes,elev,gr,gr,10,N,0,43,100,0,12
12,yes,elev,gr,gr,10,S,0,58,100,0,19
12,yes,elev,gr,gr,10,P,18,32,100,0,9
12,yes,elev,N,open,6,N,5,34,100,0,20
12,yes,elev,N,open,6,S,3,27,100,0,18
12,yes,elev,N,open,6,P,39,3,100,1,0
12,yes,elev,N,open,7,N,35,16,100,0,8
12,yes,elev,N,open,7,S,6,23,100,4,27
12,yes,elev,N,open,7,P,54,11,100,0,9
12,yes,elev,N,open,8,N,10,22,100,0,42
12,yes,elev,N,open,8,S,0,27,100,0,27
12,yes,elev,N,open,8,P,26,6,100,6,20
12,yes,elev,N,open,9,N,15,46,100,3,226
12,yes,elev,N,open,9,S,4,38,100,3,47
12,yes,elev,N,open,9,P,7,17,100,4,22
12,yes,elev,N,open,10,N,3,34,100,1,152
12,yes,elev,N,open,10,S,16,27,100,5,47
12,yes,elev,N,open,10,P,32,16,100,0,23
12,yes,elev,S,open,6,N,8,44,100,1,255
12,yes,elev,S,open,6,S,1,43,100,0,12
12,yes,elev,S,open,6,P,9,21,100,0,18
12,yes,elev,S,open,7,N,2,92,100,0,45
12,yes,elev,S,open,7,S,0,51,100,0,135
12,yes,elev,S,open,7,P,4,38,100,0,5
12,yes,elev,S,open,8,N,7,42,100,0,127
12,yes,elev,S,open,8,S,0,21,100,0,8
12,yes,elev,S,open,8,P,4,49,100,0,1
12,yes,elev,S,open,9,N,16,0,100,0,0
12,yes,elev,S,open,9,S,0,34,100,0,5
12,yes,elev,S,open,9,P,0,33,100,0,13
12,yes,elev,S,open,10,N,0,59,100,0,51
12,yes,elev,S,open,10,S,3,60,100,0,21
12,yes,elev,S,open,10,P,12,47,100,0,0
12,yes,elev,gr,gr,11,N,14,53,100,0,41
12,yes,elev,gr,gr,11,S,1,35,100,0,56
12,yes,elev,gr,gr,11,P,7,38,100,0,0
12,yes,elev,gr,gr,12,N,0,15,100,0,29
12,yes,elev,gr,gr,12,S,0,0,100,0,0
12,yes,elev,gr,gr,12,P,21,27,100,0,0
12,yes,elev,gr,gr,13,N,0,28,100,0,0
12,yes,elev,gr,gr,13,S,0,0,100,0,0
12,yes,elev,gr,gr,13,P,4,51,100,0,38
12,yes,elev,gr,gr,14,N,5,12,100,0,0
12,yes,elev,gr,gr,14,S,3,15,100,0,0
12,yes,elev,gr,gr,14,P,26,38,100,2,31
12,yes,elev,gr,gr,15,N,3,70,100,0,68
12,yes,elev,gr,gr,15,S,6,5,100,0,0
12,yes,elev,gr,gr,15,P,17,19,100,0,10
12,yes,elev,N,open,11,N,22,93,100,22,142
12,yes,elev,N,open,11,S,28,56,100,25,87
12,yes,elev,N,open,11,P,46,32,100,0,3
12,yes,elev,N,open,12,N,7,60,100,3,138
12,yes,elev,N,open,12,S,26,32,100,12,136
12,yes,elev,N,open,12,P,31,12,100,4,13
12,yes,elev,N,open,13,N,24,60,100,10,201
12,yes,elev,N,open,13,S,10,56,100,3,113
12,yes,elev,N,open,13,P,20,3,100,4,0
12,yes,elev,N,open,14,N,8,54,100,1,49
12,yes,elev,N,open,14,S,11,43,100,9,62
12,yes,elev,N,open,14,P,7,13,100,0,5
12,yes,elev,N,open,15,N,10,32,100,1,35
12,yes,elev,N,open,15,S,6,51,100,9,223
12,yes,elev,N,open,15,P,13,69,100,0,18
12,yes,elev,S,open,11,N,28,40,100,0,88
12,yes,elev,S,open,11,S,12,19,100,0,8
12,yes,elev,S,open,11,P,15,22,100,0,1
12,yes,elev,S,open,12,N,10,96,100,0,381
12,yes,elev,S,open,12,S,8,54,100,0,42
12,yes,elev,S,open,12,P,10,44,100,0,11
12,yes,elev,S,open,13,N,22,35,100,0,147
12,yes,elev,S,open,13,S,6,25,100,0,0
12,yes,elev,S,open,13,P,9,38,100,0,6
12,yes,elev,S,open,14,N,0,6,100,0,17
12,yes,elev,S,open,14,S,0,19,100,0,0
12,yes,elev,S,open,14,P,9,51,100,0,0
12,yes,elev,S,open,15,N,18,52,100,1,101
12,yes,elev,S,open,15,S,0,58,100,0,78
12,yes,elev,S,open,15,P,6,56,100,0,0
12,yes,elev,gr,gr,16,N,2,53,100,0,0
12,yes,elev,gr,gr,16,S,2,41,100,0,0
12,yes,elev,gr,gr,16,P,20,46,100,2,0
12,yes,elev,gr,gr,17,N,0,0,100,0,0
12,yes,elev,gr,gr,17,S,0,0,100,0,0
12,yes,elev,gr,gr,17,P,21,45,100,3,48
12,yes,elev,gr,gr,18,N,30,18,100,0,29
12,yes,elev,gr,gr,18,S,11,10,100,1,19
12,yes,elev,gr,gr,18,P,13,37,100,0,6
12,yes,elev,gr,gr,19,N,0,56,100,0,7
12,yes,elev,gr,gr,19,S,0,14,100,0,3
12,yes,elev,gr,gr,19,P,11,48,100,0,23
12,yes,elev,gr,gr,20,N,8,39,100,0,93
12,yes,elev,gr,gr,20,S,4,77,100,0,102
12,yes,elev,gr,gr,20,P,32,68,100,0,3
12,yes,elev,N,open,16,N,4,5,100,0,10
12,yes,elev,N,open,16,S,0,27,100,0,20
12,yes,elev,N,open,16,P,0,32,100,0,0
12,yes,elev,N,open,17,N,8,15,100,0,36
12,yes,elev,N,open,17,S,7,32,100,0,15
12,yes,elev,N,open,17,P,5,38,100,0,14
12,yes,elev,N,open,18,N,1,0,100,0,0
12,yes,elev,N,open,18,S,0,4,100,0,0
12,yes,elev,N,open,18,P,12,18,100,0,0
12,yes,elev,N,open,19,N,58,56,100,1,7
12,yes,elev,N,open,19,S,8,94,100,0,46
12,yes,elev,N,open,19,P,4,87,100,0,21
12,yes,elev,N,open,20,N,0,57,100,0,188
12,yes,elev,N,open,20,S,43,15,100,9,3
12,yes,elev,N,open,20,P,16,32,100,0,0
12,yes,elev,S,open,16,N,6,23,100,0,3
12,yes,elev,S,open,16,S,0,37,100,0,55
12,yes,elev,S,open,16,P,9,15,100,0,0
12,yes,elev,S,open,17,N,2,0,100,0,0
12,yes,elev,S,open,17,S,0,0,100,0,0
12,yes,elev,S,open,17,P,0,0,100,0,0
12,yes,elev,S,open,18,N,0,0,100,0,0
12,yes,elev,S,open,18,S,0,2,100,0,0
12,yes,elev,S,open,18,P,6,3,100,0,0
12,yes,elev,S,open,19,N,43,5,100,0,0
12,yes,elev,S,open,19,S,5,32,100,0,6
12,yes,elev,S,open,19,P,0,26,100,0,0
12,yes,elev,S,open,20,N,11,29,100,0,12
12,yes,elev,S,open,20,S,0,41,100,0,12
12,yes,elev,S,open,20,P,12,5,100,0,0
23,no,elev,gr,gr,1,N,6,38,100,1,5
23,no,elev,gr,gr,1,S,2,44,100,0,31
23,no,elev,gr,gr,1,P,4,43,100,0,1
23,no,elev,gr,gr,2,N,2,34,100,0,5
23,no,elev,gr,gr,2,S,0,18,100,0,6
23,no,elev,gr,gr,2,P,1,60,100,0,5
23,no,elev,gr,gr,3,N,10,23,100,0,0
23,no,elev,gr,gr,3,S,0,39,100,0,9
23,no,elev,gr,gr,3,P,18,51,100,0,0
23,no,elev,gr,gr,4,N,20,72,100,1,0
23,no,elev,gr,gr,4,S,11,64,100,0,1
23,no,elev,gr,gr,4,P,8,62,100,0,21
23,no,elev,gr,gr,5,N,10,38,100,0,0
23,no,elev,gr,gr,5,S,5,41,100,0,0
23,no,elev,gr,gr,5,P,5,96,100,0,28
23,no,elev,N,open,1,N,0,86,100,0,14
23,no,elev,N,open,1,S,11,62,100,0,144
23,no,elev,N,open,1,P,0,57,100,0,0
23,no,elev,N,open,2,N,15,56,100,0,172
23,no,elev,N,open,2,S,6,25,100,0,16
23,no,elev,N,open,2,P,0,42,100,0,1
23,no,elev,N,open,3,N,0,63,100,0,63
23,no,elev,N,open,3,S,8,64,100,0,76
23,no,elev,N,open,3,P,1,45,100,0,0
23,no,elev,N,open,4,N,2,75,100,0,73
23,no,elev,N,open,4,S,0,71,100,0,31
23,no,elev,N,open,4,P,0,91,100,0,0
23,no,elev,N,open,5,N,0,64,100,0,30
23,no,elev,N,open,5,S,0,65,100,0,47
23,no,elev,N,open,5,P,0,83,100,0,1
23,no,elev,S,open,1,N,0,50,100,0,71
23,no,elev,S,open,1,S,2,49,100,0,1
23,no,elev,S,open,1,P,1,31,100,0,0
23,no,elev,S,open,2,N,4,61,100,0,12
23,no,elev,S,open,2,S,0,25,100,0,2
23,no,elev,S,open,2,P,0,51,100,0,0
23,no,elev,S,open,3,N,6,1,100,0,14
23,no,elev,S,open,3,S,1,7,100,0,32
23,no,elev,S,open,3,P,17,28,100,0,0
23,no,elev,S,open,4,N,2,74,100,0,16
23,no,elev,S,open,4,S,5,50,100,0,0
23,no,elev,S,open,4,P,3,51,100,0,0
23,no,elev,S,open,5,N,6,83,100,0,64
23,no,elev,S,open,5,S,0,62,100,0,46
23,no,elev,S,open,5,P,0,46,100,0,0
23,no,elev,gr,gr,6,N,3,0,100,2,0
23,no,elev,gr,gr,6,S,3,1,100,0,0
23,no,elev,gr,gr,6,P,5,5,100,2,7
23,no,elev,gr,gr,7,N,0,3,100,0,0
23,no,elev,gr,gr,7,S,0,14,100,0,0
23,no,elev,gr,gr,7,P,2,53,100,0,0
23,no,elev,gr,gr,8,N,0,2,100,0,0
23,no,elev,gr,gr,8,S,0,5,100,0,0
23,no,elev,gr,gr,8,P,0,42,100,0,21
23,no,elev,gr,gr,9,N,10,26,100,0,29
23,no,elev,gr,gr,9,S,0,47,100,0,0
23,no,elev,gr,gr,9,P,27,69,100,3,64
23,no,elev,gr,gr,10,N,6,54,100,0,10
23,no,elev,gr,gr,10,S,7,45,100,0,13
23,no,elev,gr,gr,10,P,16,65,100,1,26
23,no,elev,N,open,6,N,0,54,100,0,81
23,no,elev,N,open,6,S,0,39,100,0,144
23,no,elev,N,open,6,P,0,35,100,0,9
23,no,elev,N,open,7,N,26,55,100,4,24
23,no,elev,N,open,7,S,0,57,100,0,89
23,no,elev,N,open,7,P,3,75,100,0,34
23,no,elev,N,open,8,N,6,51,100,0,115
23,no,elev,N,open,8,S,3,45,100,0,52
23,no,elev,N,open,8,P,0,31,100,0,0
23,no,elev,N,open,9,N,0,19,100,0,0
23,no,elev,N,open,9,S,2,58,100,2,104
23,no,elev,N,open,9,P,4,45,100,0,3
23,no,elev,N,open,10,N,12,93,100,0,127
23,no,elev,N,open,10,S,2,81,100,0,131
23,no,elev,N,open,10,P,0,87,100,0,32
23,no,elev,S,open,6,N,5,53,100,0,122
23,no,elev,S,open,6,S,4,40,100,0,43
23,no,elev,S,open,6,P,1,41,100,0,24
23,no,elev,S,open,7,N,9,38,100,0,103
23,no,elev,S,open,7,S,0,40,100,0,71
23,no,elev,S,open,7,P,0,34,100,0,19
23,no,elev,S,open,8,N,5,35,100,0,47
23,no,elev,S,open,8,S,7,24,100,0,11
23,no,elev,S,open,8,P,1,55,100,0,4
23,no,elev,S,open,9,N,0,81,100,0,161
23,no,elev,S,open,9,S,0,70,100,0,53
23,no,elev,S,open,9,P,0,54,100,0,11
23,no,elev,S,open,10,N,10,7,100,0,34
23,no,elev,S,open,10,S,10,37,100,0,8
23,no,elev,S,open,10,P,0,66,100,0,4
23,no,elev,gr,gr,11,N,0,0,100,0,0
23,no,elev,gr,gr,11,S,0,0,100,0,0
23,no,elev,gr,gr,11,P,7,9,100,0,0
23,no,elev,gr,gr,12,N,0,0,100,0,0
23,no,elev,gr,gr,12,S,0,0,100,0,0
23,no,elev,gr,gr,12,P,0,0,100,0,0
23,no,elev,gr,gr,13,N,0,0,100,0,0
23,no,elev,gr,gr,13,S,0,0,100,0,0
23,no,elev,gr,gr,13,P,6,2,100,8,0
23,no,elev,gr,gr,14,N,0,4,100,0,0
23,no,elev,gr,gr,14,S,0,28,100,0,23
23,no,elev,gr,gr,14,P,0,21,100,0,21
23,no,elev,gr,gr,15,N,0,0,100,0,0
23,no,elev,gr,gr,15,S,0,0,100,0,0
23,no,elev,gr,gr,15,P,12,19,100,0,0
23,no,elev,N,open,11,N,0,3,100,0,0
23,no,elev,N,open,11,S,0,11,100,0,0
23,no,elev,N,open,11,P,0,0,100,0,0
23,no,elev,N,open,12,N,0,12,100,0,0
23,no,elev,N,open,12,S,0,0,100,0,0
23,no,elev,N,open,12,P,2,0,100,0,0
23,no,elev,N,open,13,N,10,0,100,0,0
23,no,elev,N,open,13,S,0,4,100,0,0
23,no,elev,N,open,13,P,17,0,100,0,0
23,no,elev,N,open,14,N,0,0,100,0,0
23,no,elev,N,open,14,S,1,0,100,0,0
23,no,elev,N,open,14,P,0,0,100,0,0
23,no,elev,N,open,15,N,0,4,100,0,0
23,no,elev,N,open,15,S,0,20,100,0,0
23,no,elev,N,open,15,P,2,69,100,0,11
23,no,elev,S,open,11,N,0,7,100,0,0
23,no,elev,S,open,11,S,0,26,100,0,0
23,no,elev,S,open,11,P,0,4,100,0,0
23,no,elev,S,open,12,N,0,0,100,0,0
23,no,elev,S,open,12,S,0,8,100,0,0
23,no,elev,S,open,12,P,0,0,100,0,0
23,no,elev,S,open,13,N,0,18,100,0,0
23,no,elev,S,open,13,S,0,11,100,0,0
23,no,elev,S,open,13,P,0,11,100,0,0
23,no,elev,S,open,14,N,0,34,100,0,0
23,no,elev,S,open,14,S,11,21,100,0,0
23,no,elev,S,open,14,P,3,55,100,0,0
23,no,elev,S,open,15,N,0,17,100,0,0
23,no,elev,S,open,15,S,0,9,100,0,0
23,no,elev,S,open,15,P,0,3,100,0,0
23,no,elev,gr,gr,16,N,0,0,100,0,0
23,no,elev,gr,gr,16,S,0,2,100,0,0
23,no,elev,gr,gr,16,P,0,1,100,0,0
23,no,elev,gr,gr,17,N,2,9,100,0,0
23,no,elev,gr,gr,17,S,13,2,100,4,0
23,no,elev,gr,gr,17,P,27,6,100,0,0
23,no,elev,gr,gr,18,N,0,56,100,0,6
23,no,elev,gr,gr,18,S,0,12,100,0,8
23,no,elev,gr,gr,18,P,0,51,100,0,6
23,no,elev,gr,gr,19,N,17,88,100,0,16
23,no,elev,gr,gr,19,S,0,54,100,0,0
23,no,elev,gr,gr,19,P,2,89,100,0,15
23,no,elev,gr,gr,20,N,6,53,100,0,35
23,no,elev,gr,gr,20,S,0,74,100,0,10
23,no,elev,gr,gr,20,P,14,90,100,11,13
23,no,elev,N,open,16,N,0,45,100,0,112
23,no,elev,N,open,16,S,13,25,100,9,35
23,no,elev,N,open,16,P,8,42,100,0,52
23,no,elev,N,open,17,N,0,53,100,0,102
23,no,elev,N,open,17,S,18,12,100,0,45
23,no,elev,N,open,17,P,0,9,100,0,0
23,no,elev,N,open,18,N,0,28,100,0,65
23,no,elev,N,open,18,S,15,27,100,5,139
23,no,elev,N,open,18,P,3,36,100,0,1
23,no,elev,N,open,19,N,10,76,100,0,143
23,no,elev,N,open,19,S,18,78,100,1,154
23,no,elev,N,open,19,P,0,72,100,0,18
23,no,elev,N,open,20,N,2,37,100,0,38
23,no,elev,N,open,20,S,0,73,100,0,159
23,no,elev,N,open,20,P,0,64,100,0,60
23,no,elev,S,open,16,N,0,8,100,0,0
23,no,elev,S,open,16,S,0,21,100,0,0
23,no,elev,S,open,16,P,0,24,100,0,0
23,no,elev,S,open,17,N,0,45,100,0,9
23,no,elev,S,open,17,S,0,43,100,0,0
23,no,elev,S,open,17,P,0,36,100,0,0
23,no,elev,S,open,18,N,0,10,100,0,0
23,no,elev,S,open,18,S,0,34,100,0,1
23,no,elev,S,open,18,P,0,14,100,0,0
23,no,elev,S,open,19,N,0,11,100,0,0
23,no,elev,S,open,19,S,0,0,100,0,0
23,no,elev,S,open,19,P,3,29,100,0,0
23,no,elev,S,open,20,N,0,65,100,0,0
23,no,elev,S,open,20,S,0,62,100,0,11
23,no,elev,S,open,20,P,0,74,100,0,0
